Workbook

Sheet Sheet1
A3: Row Labels
A4: Access
A5: Billing
A6: Hardware
A7: Network
A8: Software
A9: Grand Total

Sheet Cleaned_Data
A1: ticket_id | B1: created_date | C1: resolved_date | D1: priority | E1: category | F1: team | G1: agent | H1: status | I1: customer_satisfaction | J1: sla_target_hours | K1: resolution_hours | L1: sla_met
A2: TCK-10001 | B2: 2024-09-05 15:53:23 | C2: 2024-09-05 21:43:34 | D2: P2 | E2: Access | F2: L2 Support | G2: Emily Watson | H2: Resolved | I2: 5 | J2: 8 | K2: 5.84 | L2: 1
A3: TCK-10002 | B3: 2024-08-17 15:47:20 | C3: 2024-08-17 22:14:42 | D3: P3 | E3: Network | F3: L2 Support | G3: Emily Watson | H3: Resolved | I3: 5 | J3: 24 | K3: 6.46 | L3: 1
A4: TCK-10003 | B4: 2024-07-30 23:13:21 | C4: 2024-07-31 10:14:37 | D4: P3 | E4: Software | F4: Infrastructure | G4: Alex Mercer | H4: Closed | I4: 4 | J4: 24 | K4: 11.02 | L4: 1
A5: TCK-10004 | B5: 2024-03-24 22:52:10 | C5: 2024-03-29 09:46:41 | D5: P4 | E5: Software | F5: L1 Support | G5: Jim Halpert | H5: Resolved | I5: 3 | J5: 48 | K5: 106.91 | L5: 0
A6: TCK-10005 | B6: 2024-10-10 17:35:35 | C6: 2024-10-12 23:44:23 | D6: P3 | E6: Network | F6: Application Support | G6: Sarah Connor | H6: Closed | I6: 3 | J6: 24 | K6: 54.15 | L6: 0
A7: TCK-10006 | B7: 2024-08-12 13:18:43 | D7: P2 | E7: Network | F7: L2 Support | G7: Michael Scott | H7: Escalated | J7: 8
A8: TCK-10007 | B8: 2024-11-28 12:08:20 | C8: 2024-11-28 15:27:22 | D8: P2 | E8: Network | F8: Infrastructure | G8: Dwight Schrute | H8: Closed | I8: 4 | J8: 8 | K8: 3.32 | L8: 1
A9: TCK-10008 | B9: 2024-04-14 00:24:49 | C9: 2024-04-14 07:48:27 | D9: P3 | E9: Hardware | F9: L1 Support | G9: Anita Sharma | H9: Closed | I9: 4 | J9: 24 | K9: 7.39 | L9: 1
A10: TCK-10009 | B10: 2024-04-15 04:05:45 | C10: 2024-04-20 07:07:45 | D10: P4 | E10: Billing | F10: Billing Operations | G10: Emily Watson | H10: Closed | I10: 1 | J10: 48 | K10: 123.03 | L10: 0
A11: TCK-10010 | B11: 2024-01-13 19:11:45 | D11: P4 | E11: Software | F11: L1 Support | G11: Emily Watson | H11: Open | J11: 48
A12: TCK-10011 | B12: 2024-08-08 14:30:04 | C12: 2024-08-09 01:07:48 | D12: P4 | E12: Software | F12: Application Support | G12: Jim Halpert | H12: Closed | I12: 4 | J12: 48 | K12: 10.63 | L12: 1
A13: TCK-10012 | B13: 2024-10-16 15:48:02 | C13: 2024-10-16 22:40:28 | D13: P3 | E13: Software | F13: Billing Operations | G13: Jim Halpert | H13: Closed | I13: 5 | J13: 24 | K13: 6.87 | L13: 1
A14: TCK-10013 | B14: 2024-07-17 05:07:45 | C14: 2024-07-17 16:08:28 | D14: P3 | E14: Software | F14: L1 Support | G14: John Doe | H14: Closed | I14: 3 | J14: 24 | K14: 11.01 | L14: 1
A15: TCK-10014 | B15: 2024-05-28 12:56:58 | C15: 2024-05-29 06:03:07 | D15: P3 | E15: Software | F15: Infrastructure | G15: Ravi Patel | H15: Closed | I15: 5 | J15: 24 | K15: 17.1 | L15: 1
A16: TCK-10015 | B16: 2024-07-27 20:55:34 | C16: 2024-07-27 23:23:32 | D16: P3 | E16: Access | F16: Infrastructure | G16: Sarah Connor | H16: Resolved | I16: 5 | J16: 24 | K16: 2.47 | L16: 1
A17: TCK-10016 | B17: 2024-10-06 19:54:36 | D17: P2 | E17: Software | F17: L2 Support | G17: Ravi Patel | H17: Open | J17: 8
A18: TCK-10017 | B18: 2024-12-04 09:49:16 | C18: 2024-12-04 15:31:00 | D18: P3 | E18: Access | F18: Billing Operations | G18: Anita Sharma | H18: Resolved | I18: 5 | J18: 24 | K18: 5.7 | L18: 1
A19: TCK-10018 | B19: 2024-12-24 13:42:31 | C19: 2024-12-27 08:01:58 | D19: P3 | E19: Network | F19: Infrastructure | G19: Dwight Schrute | H19: Resolved | I19: 3 | J19: 24 | K19: 66.32 | L19: 0
A20: TCK-10019 | B20: 2024-04-29 18:14:21 | C20: 2024-04-29 19:30:35 | D20: P2 | E20: Software | F20: Billing Operations | G20: Sarah Connor | H20: Resolved | I20: 5 | J20: 8 | K20: 1.27 | L20: 1
A21: TCK-10020 | B21: 2024-10-24 18:05:39 | C21: 2024-10-25 09:05:42 | D21: P2 | E21: Hardware | F21: Billing Operations | G21: John Doe | H21: Resolved | I21: 1 | J21: 8 | K21: 15 | L21: 0
A22: TCK-10021 | B22: 2024-07-28 18:36:13 | D22: P3 | E22: Hardware | F22: Infrastructure | G22: Jim Halpert | H22: Escalated | J22: 24
A23: TCK-10022 | B23: 2024-09-09 17:18:09 | C23: 2024-09-09 20:07:53 | D23: P3 | E23: Access | F23: Application Support | G23: Sarah Connor | H23: Resolved | I23: 5 | J23: 24 | K23: 2.83 | L23: 1
A24: TCK-10023 | B24: 2024-08-16 20:39:33 | C24: 2024-08-16 23:42:21 | D24: P2 | E24: Network | F24: L1 Support | G24: Emily Watson | H24: Resolved | I24: 5 | J24: 8 | K24: 3.05 | L24: 1
A25: TCK-10024 | B25: 2024-04-18 11:35:46 | D25: P3 | E25: Access | F25: L2 Support | G25: Priya Nair | H25: Open | J25: 24
A26: TCK-10025 | B26: 2024-08-10 02:30:26 | C26: 2024-08-10 13:42:02 | D26: P3 | E26: Software | F26: Application Support | G26: Jim Halpert | H26: Resolved | I26: 4 | J26: 24 | K26: 11.19 | L26: 1
A27: TCK-10026 | B27: 2024-06-30 16:59:07 | C27: 2024-07-02 08:56:29 | D27: P4 | E27: Network | F27: L1 Support | G27: Alex Mercer | H27: Resolved | I27: 4 | J27: 48 | K27: 39.96 | L27: 1
A28: TCK-10027 | B28: 2024-03-15 04:52:31 | C28: 2024-03-16 09:36:11 | D28: P3 | E28: Access | F28: L2 Support | G28: Michael Scott | H28: Resolved | I28: 3 | J28: 24 | K28: 28.73 | L28: 0
A29: TCK-10028 | B29: 2024-11-28 18:11:22 | D29: P3 | E29: Network | F29: Billing Operations | G29: Alex Mercer | H29: Escalated | J29: 24
A30: TCK-10029 | B30: 2024-12-26 02:21:57 | C30: 2024-12-28 21:48:00 | D30: P3 | E30: Software | F30: Application Support | G30: Dwight Schrute | H30: Resolved | I30: 1 | J30: 24 | K30: 67.43 | L30: 0
A31: TCK-10030 | B31: 2024-01-02 04:05:22 | D31: P4 | E31: Access | F31: Application Support | G31: Michael Scott | H31: Open | J31: 48
A32: TCK-10031 | B32: 2024-10-06 08:03:01 | C32: 2024-10-07 01:42:32 | D32: P3 | E32: Network | F32: L2 Support | G32: Alex Mercer | H32: Closed | I32: 3 | J32: 24 | K32: 17.66 | L32: 1
A33: TCK-10032 | B33: 2024-08-15 04:55:47 | C33: 2024-08-16 00:41:49 | D33: P3 | E33: Billing | F33: Billing Operations | G33: John Doe | H33: Resolved | I33: 3 | J33: 24 | K33: 19.77 | L33: 1
A34: TCK-10033 | B34: 2024-01-27 17:26:28 | C34: 2024-01-28 08:28:35 | D34: P3 | E34: Software | F34: L1 Support | G34: Anita Sharma | H34: Resolved | I34: 4 | J34: 24 | K34: 15.04 | L34: 1
A35: TCK-10034 | B35: 2024-08-15 00:13:12 | C35: 2024-08-15 08:02:18 | D35: P3 | E35: Access | F35: Infrastructure | G35: Emily Watson | H35: Closed | I35: 4 | J35: 24 | K35: 7.82 | L35: 1
A36: TCK-10035 | B36: 2024-09-08 00:30:12 | C36: 2024-09-09 00:26:32 | D36: P2 | E36: Software | F36: L1 Support | G36: Alex Mercer | H36: Resolved | I36: 1 | J36: 8 | K36: 23.94 | L36: 0
A37: TCK-10036 | B37: 2024-03-24 02:44:31 | C37: 2024-03-24 08:21:35 | D37: P3 | E37: Network | F37: Infrastructure | G37: Sarah Connor | H37: Closed | I37: 5 | J37: 24 | K37: 5.62 | L37: 1
A38: TCK-10037 | B38: 2024-09-30 13:28:02 | C38: 2024-09-30 20:36:11 | D38: P2 | E38: Billing | F38: Billing Operations | G38: Alex Mercer | H38: Closed | I38: 4 | J38: 8 | K38: 7.14 | L38: 1
A39: TCK-10038 | B39: 2024-12-07 08:44:11 | C39: 2024-12-07 13:38:57 | D39: P2 | E39: Network | F39: L1 Support | G39: Priya Nair | H39: Closed | I39: 5 | J39: 8 | K39: 4.91 | L39: 1
A40: TCK-10039 | B40: 2024-03-20 09:39:52 | C40: 2024-03-21 13:14:30 | D40: P3 | E40: Access | F40: Billing Operations | G40: Dwight Schrute | H40: Resolved | I40: 2 | J40: 24 | K40: 27.58 | L40: 0
A41: TCK-10040 | B41: 2024-11-18 10:05:04 | D41: P2 | E41: Network | F41: L2 Support | G41: Carlos Mendez | H41: Escalated | J41: 8
A42: TCK-10041 | B42: 2024-03-04 02:03:11 | C42: 2024-03-04 22:28:06 | D42: P3 | E42: Hardware | F42: Application Support | G42: Ravi Patel | H42: Resolved | I42: 5 | J42: 24 | K42: 20.42 | L42: 1
A43: TCK-10042 | B43: 2024-07-31 05:16:12 | C43: 2024-07-31 06:54:35 | D43: P1 | E43: Software | F43: Billing Operations | G43: John Doe | H43: Resolved | I43: 5 | J43: 4 | K43: 1.64 | L43: 1
A44: TCK-10043 | B44: 2024-11-30 14:19:46 | C44: 2024-11-30 17:44:07 | D44: P1 | E44: Software | F44: L2 Support | G44: Carlos Mendez | H44: Resolved | I44: 4 | J44: 4 | K44: 3.41 | L44: 1
A45: TCK-10044 | B45: 2024-08-29 08:59:04 | D45: P3 | E45: Billing | F45: L2 Support | G45: John Doe | H45: Escalated | J45: 24
A46: TCK-10045 | B46: 2024-11-11 04:56:24 | D46: P2 | E46: Software | F46: L2 Support | G46: Priya Nair | H46: Open | J46: 8
A47: TCK-10046 | B47: 2024-10-31 04:22:14 | C47: 2024-11-01 00:46:41 | D47: P4 | E47: Access | F47: L2 Support | G47: Michael Scott | H47: Resolved | I47: 3 | J47: 48 | K47: 20.41 | L47: 1
A48: TCK-10047 | B48: 2024-07-02 03:08:56 | C48: 2024-07-02 05:29:47 | D48: P2 | E48: Access | F48: Application Support | G48: Pam Beesly | H48: Resolved | I48: 3 | J48: 8 | K48: 2.35 | L48: 1
A49: TCK-10048 | B49: 2024-03-16 08:06:00 | C49: 2024-03-17 00:21:43 | D49: P3 | E49: Software | F49: L1 Support | G49: Michael Scott | H49: Resolved | I49: 5 | J49: 24 | K49: 16.26 | L49: 1
A50: TCK-10049 | B50: 2024-05-08 22:32:25 | C50: 2024-05-11 04:31:16 | D50: P4 | E50: Network | F50: Infrastructure | G50: John Doe | H50: Closed | I50: 2 | J50: 48 | K50: 53.98 | L50: 0
A51: TCK-10050 | B51: 2024-05-14 14:02:14 | C51: 2024-05-16 00:07:58 | D51: P3 | E51: Software | F51: Billing Operations | G51: Ravi Patel | H51: Resolved | I51: 1 | J51: 24 | K51: 34.1 | L51: 0
A52: TCK-10051 | B52: 2024-06-18 16:21:02 | C52: 2024-06-18 19:01:50 | D52: P1 | E52: Billing | F52: Billing Operations | G52: Carlos Mendez | H52: Closed | I52: 4 | J52: 4 | K52: 2.68 | L52: 1
A53: TCK-10052 | B53: 2024-01-28 12:12:11 | C53: 2024-01-30 05:43:29 | D53: P4 | E53: Billing | F53: Billing Operations | G53: Pam Beesly | H53: Closed | I53: 5 | J53: 48 | K53: 41.52 | L53: 1
A54: TCK-10053 | B54: 2024-09-16 07:53:32 | C54: 2024-09-17 05:28:32 | D54: P3 | E54: Software | F54: Infrastructure | G54: Ravi Patel | H54: Resolved | I54: 5 | J54: 24 | K54: 21.58 | L54: 1
A55: TCK-10054 | B55: 2024-12-16 22:45:27 | C55: 2024-12-17 00:59:12 | D55: P2 | E55: Hardware | F55: Application Support | G55: Ravi Patel | H55: Closed | I55: 5 | J55: 8 | K55: 2.23 | L55: 1
A56: TCK-10055 | B56: 2024-08-23 22:29:44 | C56: 2024-08-24 19:16:46 | D56: P3 | E56: Software | F56: Application Support | G56: Carlos Mendez | H56: Resolved | I56: 5 | J56: 24 | K56: 20.78 | L56: 1
A57: TCK-10056 | B57: 2024-03-07 05:38:18 | C57: 2024-03-08 17:49:48 | D57: P3 | E57: Software | F57: Billing Operations | G57: Pam Beesly | H57: Resolved | I57: 2 | J57: 24 | K57: 36.19 | L57: 0
A58: TCK-10057 | B58: 2024-11-09 13:42:39 | C58: 2024-11-09 17:36:27 | D58: P2 | E58: Network | F58: L2 Support | G58: Dwight Schrute | H58: Closed | I58: 5 | J58: 8 | K58: 3.9 | L58: 1
... A72: TCK-10071 | B72: 2024-04-06 08:50:50 | C72: 2024-04-06 13:28:55 | D72: P2 | E72: Network | F72: L2 Support | G72: Emily Watson | H72: Resolved | I72: 4 | J72: 8 | K72: 4.63 | L72: 1
A73: TCK-10072 | B73: 2024-09-28 23:29:09 | D73: P2 | E73: Software | F73: Billing Operations | G73: Anita Sharma | H73: Escalated | J73: 8
A74: TCK-10073 | B74: 2024-10-06 07:34:28 | C74: 2024-10-07 00:57:24 | D74: P2 | E74: Access | F74: Infrastructure | G74: Sarah Connor | H74: Closed | I74: 4 | J74: 8 | K74: 17.38 | L74: 0
A75: TCK-10074 | B75: 2024-05-26 02:06:51 | C75: 2024-05-26 06:35:34 | D75: P3 | E75: Access | F75: L1 Support | G75: Anita Sharma | H75: Closed | I75: 5 | J75: 24 | K75: 4.48 | L75: 1
A76: TCK-10075 | B76: 2024-11-26 13:18:26 | C76: 2024-11-26 23:16:00 | D76: P3 | E76: Access | F76: Billing Operations | G76: Alex Mercer | H76: Resolved | I76: 5 | J76: 24 | K76: 9.96 | L76: 1
A77: TCK-10076 | B77: 2024-05-12 20:30:18 | C77: 2024-05-12 23:56:10 | D77: P1 | E77: Software | F77: Application Support | G77: Sarah Connor | H77: Resolved | I77: 4 | J77: 4 | K77: 3.43 | L77: 1
A78: TCK-10077 | B78: 2024-02-29 17:58:51 | C78: 2024-03-01 06:14:39 | D78: P3 | E78: Access | F78: Infrastructure | G78: Anita Sharma | H78: Closed | I78: 4 | J78: 24 | K78: 12.26 | L78: 1
A79: TCK-10078 | B79: 2024-10-11 05:39:29 | C79: 2024-10-11 23:22:03 | D79: P3 | E79: Software | F79: L2 Support | G79: Sarah Connor | H79: Resolved | I79: 5 | J79: 24 | K79: 17.71 | L79: 1
A80: TCK-10079 | B80: 2024-09-16 19:58:04 | C80: 2024-09-17 03:38:17 | D80: P3 | E80: Network | F80: Infrastructure | G80: John Doe | H80: Resolved | I80: 4 | J80: 24 | K80: 7.67 | L80: 1
A81: TCK-10080 | B81: 2024-08-19 20:34:02 | D81: P3 | E81: Access | F81: L1 Support | G81: Ravi Patel | H81: Open | J81: 24
A82: TCK-10081 | B82: 2024-02-03 13:58:14 | C82: 2024-02-03 18:06:29 | D82: P2 | E82: Software | F82: Billing Operations | G82: Emily Watson | H82: Closed | I82: 5 | J82: 8 | K82: 4.14 | L82: 1
A83: TCK-10082 | B83: 2024-02-06 11:19:12 | C83: 2024-02-06 15:53:01 | D83: P2 | E83: Software | F83: L2 Support | G83: Michael Scott | H83: Closed | I83: 4 | J83: 8 | K83: 4.56 | L83: 1
A84: TCK-10083 | B84: 2024-10-17 00:37:19 | C84: 2024-10-17 17:44:10 | D84: P3 | E84: Software | F84: Application Support | G84: Michael Scott | H84: Resolved | I84: 4 | J84: 24 | K84: 17.11 | L84: 1
A85: TCK-10084 | B85: 2024-10-15 20:09:12 | C85: 2024-10-16 13:20:05 | D85: P3 | E85: Access | F85: L2 Support | G85: Emily Watson | H85: Resolved | I85: 5 | J85: 24 | K85: 17.18 | L85: 1
A86: TCK-10085 | B86: 2024-07-23 01:58:12 | C86: 2024-07-23 04:39:31 | D86: P3 | E86: Access | F86: L2 Support | G86: Michael Scott | H86: Resolved | I86: 5 | J86: 24 | K86: 2.69 | L86: 1
A87: TCK-10086 | B87: 2024-04-16 20:46:00 | D87: P1 | E87: Network | F87: Infrastructure | G87: Priya Nair | H87: Open | J87: 4
A88: TCK-10087 | B88: 2024-09-05 01:22:33 | C88: 2024-09-05 20:04:35 | D88: P4 | E88: Software | F88: L1 Support | G88: Anita Sharma | H88: Resolved | I88: 5 | J88: 48 | K88: 18.7 | L88: 1
A89: TCK-10088 | B89: 2024-04-08 09:16:08 | C89: 2024-04-09 18:04:33 | D89: P4 | E89: Software | F89: L1 Support | G89: Jim Halpert | H89: Resolved | I89: 4 | J89: 48 | K89: 32.81 | L89: 1
A90: TCK-10089 | B90: 2024-11-11 08:23:31 | C90: 2024-11-11 22:57:10 | D90: P3 | E90: Software | F90: L2 Support | G90: Sarah Connor | H90: Closed | I90: 5 | J90: 24 | K90: 14.56 | L90: 1
A91: TCK-10090 | B91: 2024-10-28 13:59:16 | C91: 2024-10-30 05:28:46 | D91: P3 | E91: Software | F91: Application Support | G91: Michael Scott | H91: Closed | I91: 2 | J91: 24 | K91: 39.49 | L91: 0
A92: TCK-10091 | B92: 2024-08-25 02:10:18 | C92: 2024-08-25 13:22:46 | D92: P4 | E92: Hardware | F92: L2 Support | G92: Carlos Mendez | H92: Resolved | I92: 4 | J92: 48 | K92: 11.21 | L92: 1
A93: TCK-10092 | B93: 2024-01-30 11:39:19 | C93: 2024-01-30 17:15:45 | D93: P2 | E93: Software | F93: Billing Operations | G93: Dwight Schrute | H93: Resolved | I93: 5 | J93: 8 | K93: 5.61 | L93: 1
A94: TCK-10093 | B94: 2024-06-25 15:52:43 | C94: 2024-06-25 16:57:04 | D94: P1 | E94: Software | F94: Infrastructure | G94: Carlos Mendez | H94: Closed | I94: 4 | J94: 4 | K94: 1.07 | L94: 1
A95: TCK-10094 | B95: 2024-03-28 15:22:33 | C95: 2024-03-29 05:54:53 | D95: P3 | E95: Billing | F95: L2 Support | G95: Sarah Connor | H95: Resolved | I95: 5 | J95: 24 | K95: 14.54 | L95: 1
A96: TCK-10095 | B96: 2024-12-24 02:08:12 | C96: 2024-12-24 06:36:30 | D96: P2 | E96: Network | F96: Infrastructure | G96: Priya Nair | H96: Resolved | I96: 4 | J96: 8 | K96: 4.47 | L96: 1
A97: TCK-10096 | B97: 2024-08-20 14:06:20 | C97: 2024-08-20 17:46:33 | D97: P1 | E97: Software | F97: Infrastructure | G97: Anita Sharma | H97: Resolved | I97: 5 | J97: 4 | K97: 3.67 | L97: 1
A98: TCK-10097 | B98: 2024-08-11 17:14:39 | C98: 2024-08-12 05:14:32 | D98: P3 | E98: Network | F98: Infrastructure | G98: Anita Sharma | H98: Resolved | I98: 5 | J98: 24 | K98: 12 | L98: 1
A99: TCK-10098 | B99: 2024-12-22 02:25:02 | C99: 2024-12-22 18:08:57 | D99: P2 | E99: Billing | F99: Application Support | G99: Carlos Mendez | H99: Closed | I99: 2 | J99: 8 | K99: 15.73 | L99: 0
... A104: TCK-10103 | B104: 2024-08-24 19:05:42 | C104: 2024-08-25 02:04:44 | D104: P3 | E104: Access | F104: Infrastructure | G104: Ravi Patel | H104: Resolved | I104: 5 | J104: 24 | K104: 6.98 | L104: 1
A105: TCK-10104 | B105: 2024-02-14 09:32:03 | D105: P3 | E105: Network | F105: L2 Support | G105: Dwight Schrute | H105: Open | J105: 24
A106: TCK-10105 | B106: 2024-04-23 16:20:48 | C106: 2024-04-24 02:34:18 | D106: P3 | E106: Software | F106: Application Support | G106: Dwight Schrute | H106: Resolved | I106: 5 | J106: 24 | K106: 10.22 | L106: 1
A107: TCK-10106 | B107: 2024-07-16 17:08:54 | C107: 2024-07-18 10:15:16 | D107: P3 | E107: Network | F107: L1 Support | G107: Michael Scott | H107: Closed | I107: 3 | J107: 24 | K107: 41.11 | L107: 0
A108: TCK-10107 | B108: 2024-04-14 02:13:46 | C108: 2024-04-15 14:13:46 | D108: P4 | E108: Access | F108: Infrastructure | G108: Anita Sharma | H108: Closed | I108: 4 | J108: 48 | K108: 36 | L108: 1
A109: TCK-10108 | B109: 2024-07-07 10:23:20 | C109: 2024-07-07 12:28:18 | D109: P2 | E109: Hardware | F109: Billing Operations | G109: Jim Halpert | H109: Resolved | I109: 5 | J109: 8 | K109: 2.08 | L109: 1
A110: TCK-10109 | B110: 2024-08-10 09:32:25 | C110: 2024-08-11 06:34:27 | D110: P3 | E110: Access | F110: Application Support | G110: Alex Mercer | H110: Resolved | I110: 4 | J110: 24 | K110: 21.03 | L110: 1
A111: TCK-10110 | B111: 2024-09-15 02:01:41 | D111: P3 | E111: Hardware | F111: L2 Support | G111: Dwight Schrute | H111: Escalated | J111: 24
A112: TCK-10111 | B112: 2024-02-19 08:42:01 | C112: 2024-02-20 10:37:06 | D112: P3 | E112: Hardware | F112: L1 Support | G112: Dwight Schrute | H112: Resolved | I112: 1 | J112: 24 | K112: 25.92 | L112: 0
A113: TCK-10112 | B113: 2024-12-04 13:41:01 | C113: 2024-12-05 05:20:25 | D113: P3 | E113: Network | F113: Application Support | G113: Michael Scott | H113: Resolved | I113: 5 | J113: 24 | K113: 15.66 | L113: 1
A114: TCK-10113 | B114: 2024-11-27 08:23:49 | C114: 2024-11-28 04:35:36 | D114: P3 | E114: Software | F114: Infrastructure | G114: Carlos Mendez | H114: Closed | I114: 3 | J114: 24 | K114: 20.2 | L114: 1
A115: TCK-10114 | B115: 2024-01-27 21:43:39 | C115: 2024-01-27 23:11:48 | D115: P2 | E115: Hardware | F115: Infrastructure | G115: Emily Watson | H115: Closed | I115: 5 | J115: 8 | K115: 1.47 | L115: 1
A116: TCK-10115 | B116: 2024-12-05 05:01:40 | C116: 2024-12-05 07:49:21 | D116: P2 | E116: Network | F116: Infrastructure | G116: Alex Mercer | H116: Resolved | I116: 4 | J116: 8 | K116: 2.79 | L116: 1
A117: TCK-10116 | B117: 2024-02-26 20:48:31 | C117: 2024-02-27 00:12:35 | D117: P2 | E117: Software | F117: L2 Support | G117: John Doe | H117: Resolved | I117: 5 | J117: 8 | K117: 3.4 | L117: 1
...

Sheet Calc
A1: ticket_id | B1: created_date | C1: resolved_date | D1: priority | E1: category | F1: team | G1: status | H1: resolution_hours | I1: SLA_Met | J1: sla_target_hours | K1: month | L1: breach_hours
A2: TCK-10001 | B2: 2024-09-05 15:53:23 | C2: 2024-09-05 21:43:34 | D2: P2 | E2: Access | F2: L2 Support | G2: Resolved | H2: =Cleaned_Data!K2 -> 5.84 | I2: =IF(OR(G2="Resolved", G2="Closed"), IF(AND(H2<>"", H2<=J2), "YES", "NO"), "") -> YES | J2: =Cleaned_Data!J2 -> 8 | K2: =LEFT(B2, 7) -> 2024-09 | L2: =IF(I2="NO", H2-J2, 0) -> 0
A3: TCK-10002 | B3: 2024-08-17 15:47:20 | C3: 2024-08-17 22:14:42 | D3: P3 | E3: Network | F3: L2 Support | G3: Resolved | H3: =Cleaned_Data!K3 -> 6.46 | I3: =IF(OR(G3="Resolved", G3="Closed"), IF(AND(H3<>"", H3<=J3), "YES", "NO"), "") -> YES | J3: =Cleaned_Data!J3 -> 24 | K3: =LEFT(B3, 7) -> 2024-08 | L3: =IF(I3="NO", H3-J3, 0) -> 0
A4: TCK-10003 | B4: 2024-07-30 23:13:21 | C4: 2024-07-31 10:14:37 | D4: P3 | E4: Software | F4: Infrastructure | G4: Closed | H4: =Cleaned_Data!K4 -> 11.02 | I4: =IF(OR(G4="Resolved", G4="Closed"), IF(AND(H4<>"", H4<=J4), "YES", "NO"), "") -> YES | J4: =Cleaned_Data!J4 -> 24 | K4: =LEFT(B4, 7) -> 2024-07 | L4: =IF(I4="NO", H4-J4, 0) -> 0
A5: TCK-10004 | B5: 2024-03-24 22:52:10 | C5: 2024-03-29 09:46:41 | D5: P4 | E5: Software | F5: L1 Support | G5: Resolved | H5: =Cleaned_Data!K5 -> 106.91 | I5: =IF(OR(G5="Resolved", G5="Closed"), IF(AND(H5<>"", H5<=J5), "YES", "NO"), "") -> NO | J5: =Cleaned_Data!J5 -> 48 | K5: =LEFT(B5, 7) -> 2024-03 | L5: =IF(I5="NO", H5-J5, 0) -> 58.91
A6: TCK-10005 | B6: 2024-10-10 17:35:35 | C6: 2024-10-12 23:44:23 | D6: P3 | E6: Network | F6: Application Support | G6: Closed | H6: =Cleaned_Data!K6 -> 54.15 | I6: =IF(OR(G6="Resolved", G6="Closed"), IF(AND(H6<>"", H6<=J6), "YES", "NO"), "") -> NO | J6: =Cleaned_Data!J6 -> 24 | K6: =LEFT(B6, 7) -> 2024-10 | L6: =IF(I6="NO", H6-J6, 0) -> 30.15
A7: TCK-10006 | B7: 2024-08-12 13:18:43 | D7: P2 | E7: Network | F7: L2 Support | G7: Escalated | H7: =Cleaned_Data!K7 -> 0 | I7: =IF(OR(G7="Resolved", G7="Closed"), IF(AND(H7<>"", H7<=J7), "YES", "NO"), "") | J7: =Cleaned_Data!J7 -> 8 | K7: =LEFT(B7, 7) -> 2024-08 | L7: =IF(I7="NO", H7-J7, 0) -> 0
A8: TCK-10007 | B8: 2024-11-28 12:08:20 | C8: 2024-11-28 15:27:22 | D8: P2 | E8: Network | F8: Infrastructure | G8: Closed | H8: =Cleaned_Data!K8 -> 3.32 | I8: =IF(OR(G8="Resolved", G8="Closed"), IF(AND(H8<>"", H8<=J8), "YES", "NO"), "") -> YES | J8: =Cleaned_Data!J8 -> 8 | K8: =LEFT(B8, 7) -> 2024-11 | L8: =IF(I8="NO", H8-J8, 0) -> 0
A9: TCK-10008 | B9: 2024-04-14 00:24:49 | C9: 2024-04-14 07:48:27 | D9: P3 | E9: Hardware | F9: L1 Support | G9: Closed | H9: =Cleaned_Data!K9 -> 7.39 | I9: =IF(OR(G9="Resolved", G9="Closed"), IF(AND(H9<>"", H9<=J9), "YES", "NO"), "") -> YES | J9: =Cleaned_Data!J9 -> 24 | K9: =LEFT(B9, 7) -> 2024-04 | L9: =IF(I9="NO", H9-J9, 0) -> 0
A10: TCK-10009 | B10: 2024-04-15 04:05:45 | C10: 2024-04-20 07:07:45 | D10: P4 | E10: Billing | F10: Billing Operations | G10: Closed | H10: =Cleaned_Data!K10 -> 123.03 | I10: =IF(OR(G10="Resolved", G10="Closed"), IF(AND(H10<>"", H10<=J10), "YES", "NO"), "") -> NO | J10: =Cleaned_Data!J10 -> 48 | K10: =LEFT(B10, 7) -> 2024-04 | L10: =IF(I10="NO", H10-J10, 0) -> 75.03
A11: TCK-10010 | B11: 2024-01-13 19:11:45 | D11: P4 | E11: Software | F11: L1 Support | G11: Open | H11: =Cleaned_Data!K11 -> 0 | I11: =IF(OR(G11="Resolved", G11="Closed"), IF(AND(H11<>"", H11<=J11), "YES", "NO"), "") | J11: =Cleaned_Data!J11 -> 48 | K11: =LEFT(B11, 7) -> 2024-01 | L11: =IF(I11="NO", H11-J11, 0) -> 0
A12: TCK-10011 | B12: 2024-08-08 14:30:04 | C12: 2024-08-09 01:07:48 | D12: P4 | E12: Software | F12: Application Support | G12: Closed | H12: =Cleaned_Data!K12 -> 10.63 | I12: =IF(OR(G12="Resolved", G12="Closed"), IF(AND(H12<>"", H12<=J12), "YES", "NO"), "") -> YES | J12: =Cleaned_Data!J12 -> 48 | K12: =LEFT(B12, 7) -> 2024-08 | L12: =IF(I12="NO", H12-J12, 0) -> 0
A13: TCK-10012 | B13: 2024-10-16 15:48:02 | C13: 2024-10-16 22:40:28 | D13: P3 | E13: Software | F13: Billing Operations | G13: Closed | H13: =Cleaned_Data!K13 -> 6.87 | I13: =IF(OR(G13="Resolved", G13="Closed"), IF(AND(H13<>"", H13<=J13), "YES", "NO"), "") -> YES | J13: =Cleaned_Data!J13 -> 24 | K13: =LEFT(B13, 7) -> 2024-10 | L13: =IF(I13="NO", H13-J13, 0) -> 0
A14: TCK-10013 | B14: 2024-07-17 05:07:45 | C14: 2024-07-17 16:08:28 | D14: P3 | E14: Software | F14: L1 Support | G14: Closed | H14: =Cleaned_Data!K14 -> 11.01 | I14: =IF(OR(G14="Resolved", G14="Closed"), IF(AND(H14<>"", H14<=J14), "YES", "NO"), "") -> YES | J14: =Cleaned_Data!J14 -> 24 | K14: =LEFT(B14, 7) -> 2024-07 | L14: =IF(I14="NO", H14-J14, 0) -> 0
A15: TCK-10014 | B15: 2024-05-28 12:56:58 | C15: 2024-05-29 06:03:07 | D15: P3 | E15: Software | F15: Infrastructure | G15: Closed | H15: =Cleaned_Data!K15 -> 17.1 | I15: =IF(OR(G15="Resolved", G15="Closed"), IF(AND(H15<>"", H15<=J15), "YES", "NO"), "") -> YES | J15: =Cleaned_Data!J15 -> 24 | K15: =LEFT(B15, 7) -> 2024-05 | L15: =IF(I15="NO", H15-J15, 0) -> 0
A16: TCK-10015 | B16: 2024-07-27 20:55:34 | C16: 2024-07-27 23:23:32 | D16: P3 | E16: Access | F16: Infrastructure | G16: Resolved | H16: =Cleaned_Data!K16 -> 2.47 | I16: =IF(OR(G16="Resolved", G16="Closed"), IF(AND(H16<>"", H16<=J16), "YES", "NO"), "") -> YES | J16: =Cleaned_Data!J16 -> 24 | K16: =LEFT(B16, 7) -> 2024-07 | L16: =IF(I16="NO", H16-J16, 0) -> 0
A17: TCK-10016 | B17: 2024-10-06 19:54:36 | D17: P2 | E17: Software | F17: L2 Support | G17: Open | H17: =Cleaned_Data!K17 -> 0 | I17: =IF(OR(G17="Resolved", G17="Closed"), IF(AND(H17<>"", H17<=J17), "YES", "NO"), "") | J17: =Cleaned_Data!J17 -> 8 | K17: =LEFT(B17, 7) -> 2024-10 | L17: =IF(I17="NO", H17-J17, 0) -> 0
A18: TCK-10017 | B18: 2024-12-04 09:49:16 | C18: 2024-12-04 15:31:00 | D18: P3 | E18: Access | F18: Billing Operations | G18: Resolved | H18: =Cleaned_Data!K18 -> 5.7 | I18: =IF(OR(G18="Resolved", G18="Closed"), IF(AND(H18<>"", H18<=J18), "YES", "NO"), "") -> YES | J18: =Cleaned_Data!J18 -> 24 | K18: =LEFT(B18, 7) -> 2024-12 | L18: =IF(I18="NO", H18-J18, 0) -> 0
A19: TCK-10018 | B19: 2024-12-24 13:42:31 | C19: 2024-12-27 08:01:58 | D19: P3 | E19: Network | F19: Infrastructure | G19: Resolved | H19: =Cleaned_Data!K19 -> 66.32 | I19: =IF(OR(G19="Resolved", G19="Closed"), IF(AND(H19<>"", H19<=J19), "YES", "NO"), "") -> NO | J19: =Cleaned_Data!J19 -> 24 | K19: =LEFT(B19, 7) -> 2024-12 | L19: =IF(I19="NO", H19-J19, 0) -> 42.32
A20: TCK-10019 | B20: 2024-04-29 18:14:21 | C20: 2024-04-29 19:30:35 | D20: P2 | E20: Software | F20: Billing Operations | G20: Resolved | H20: =Cleaned_Data!K20 -> 1.27 | I20: =IF(OR(G20="Resolved", G20="Closed"), IF(AND(H20<>"", H20<=J20), "YES", "NO"), "") -> YES | J20: =Cleaned_Data!J20 -> 8 | K20: =LEFT(B20, 7) -> 2024-04 | L20: =IF(I20="NO", H20-J20, 0) -> 0
A21: TCK-10020 | B21: 2024-10-24 18:05:39 | C21: 2024-10-25 09:05:42 | D21: P2 | E21: Hardware | F21: Billing Operations | G21: Resolved | H21: =Cleaned_Data!K21 -> 15 | I21: =IF(OR(G21="Resolved", G21="Closed"), IF(AND(H21<>"", H21<=J21), "YES", "NO"), "") -> NO | J21: =Cleaned_Data!J21 -> 8 | K21: =LEFT(B21, 7) -> 2024-10 | L21: =IF(I21="NO", H21-J21, 0) -> 7
A22: TCK-10021 | B22: 2024-07-28 18:36:13 | D22: P3 | E22: Hardware | F22: Infrastructure | G22: Escalated | H22: =Cleaned_Data!K22 -> 0 | I22: =IF(OR(G22="Resolved", G22="Closed"), IF(AND(H22<>"", H22<=J22), "YES", "NO"), "") | J22: =Cleaned_Data!J22 -> 24 | K22: =LEFT(B22, 7) -> 2024-07 | L22: =IF(I22="NO", H22-J22, 0) -> 0
A23: TCK-10022 | B23: 2024-09-09 17:18:09 | C23: 2024-09-09 20:07:53 | D23: P3 | E23: Access | F23: Application Support | G23: Resolved | H23: =Cleaned_Data!K23 -> 2.83 | I23: =IF(OR(G23="Resolved", G23="Closed"), IF(AND(H23<>"", H23<=J23), "YES", "NO"), "") -> YES | J23: =Cleaned_Data!J23 -> 24 | K23: =LEFT(B23, 7) -> 2024-09 | L23: =IF(I23="NO", H23-J23, 0) -> 0
A24: TCK-10023 | B24: 2024-08-16 20:39:33 | C24: 2024-08-16 23:42:21 | D24: P2 | E24: Network | F24: L1 Support | G24: Resolved | H24: =Cleaned_Data!K24 -> 3.05 | I24: =IF(OR(G24="Resolved", G24="Closed"), IF(AND(H24<>"", H24<=J24), "YES", "NO"), "") -> YES | J24: =Cleaned_Data!J24 -> 8 | K24: =LEFT(B24, 7) -> 2024-08 | L24: =IF(I24="NO", H24-J24, 0) -> 0
A25: TCK-10024 | B25: 2024-04-18 11:35:46 | D25: P3 | E25: Access | F25: L2 Support | G25: Open | H25: =Cleaned_Data!K25 -> 0 | I25: =IF(OR(G25="Resolved", G25="Closed"), IF(AND(H25<>"", H25<=J25), "YES", "NO"), "") | J25: =Cleaned_Data!J25 -> 24 | K25: =LEFT(B25, 7) -> 2024-04 | L25: =IF(I25="NO", H25-J25, 0) -> 0
A26: TCK-10025 | B26: 2024-08-10 02:30:26 | C26: 2024-08-10 13:42:02 | D26: P3 | E26: Software | F26: Application Support | G26: Resolved | H26: =Cleaned_Data!K26 -> 11.19 | I26: =IF(OR(G26="Resolved", G26="Closed"), IF(AND(H26<>"", H26<=J26), "YES", "NO"), "") -> YES | J26: =Cleaned_Data!J26 -> 24 | K26: =LEFT(B26, 7) -> 2024-08 | L26: =IF(I26="NO", H26-J26, 0) -> 0
A27: TCK-10026 | B27: 2024-06-30 16:59:07 | C27: 2024-07-02 08:56:29 | D27: P4 | E27: Network | F27: L1 Support | G27: Resolved | H27: =Cleaned_Data!K27 -> 39.96 | I27: =IF(OR(G27="Resolved", G27="Closed"), IF(AND(H27<>"", H27<=J27), "YES", "NO"), "") -> YES | J27: =Cleaned_Data!J27 -> 48 | K27: =LEFT(B27, 7) -> 2024-06 | L27: =IF(I27="NO", H27-J27, 0) -> 0
A28: TCK-10027 | B28: 2024-03-15 04:52:31 | C28: 2024-03-16 09:36:11 | D28: P3 | E28: Access | F28: L2 Support | G28: Resolved | H28: =Cleaned_Data!K28 -> 28.73 | I28: =IF(OR(G28="Resolved", G28="Closed"), IF(AND(H28<>"", H28<=J28), "YES", "NO"), "") -> NO | J28: =Cleaned_Data!J28 -> 24 | K28: =LEFT(B28, 7) -> 2024-03 | L28: =IF(I28="NO", H28-J28, 0) -> 4.73
A29: TCK-10028 | B29: 2024-11-28 18:11:22 | D29: P3 | E29: Network | F29: Billing Operations | G29: Escalated | H29: =Cleaned_Data!K29 -> 0 | I29: =IF(OR(G29="Resolved", G29="Closed"), IF(AND(H29<>"", H29<=J29), "YES", "NO"), "") | J29: =Cleaned_Data!J29 -> 24 | K29: =LEFT(B29, 7) -> 2024-11 | L29: =IF(I29="NO", H29-J29, 0) -> 0
A30: TCK-10029 | B30: 2024-12-26 02:21:57 | C30: 2024-12-28 21:48:00 | D30: P3 | E30: Software | F30: Application Support | G30: Resolved | H30: =Cleaned_Data!K30 -> 67.43 | I30: =IF(OR(G30="Resolved", G30="Closed"), IF(AND(H30<>"", H30<=J30), "YES", "NO"), "") -> NO | J30: =Cleaned_Data!J30 -> 24 | K30: =LEFT(B30, 7) -> 2024-12 | L30: =IF(I30="NO", H30-J30, 0) -> 43.43
A31: TCK-10030 | B31: 2024-01-02 04:05:22 | D31: P4 | E31: Access | F31: Application Support | G31: Open | H31: =Cleaned_Data!K31 -> 0 | I31: =IF(OR(G31="Resolved", G31="Closed"), IF(AND(H31<>"", H31<=J31), "YES", "NO"), "") | J31: =Cleaned_Data!J31 -> 48 | K31: =LEFT(B31, 7) -> 2024-01 | L31: =IF(I31="NO", H31-J31, 0) -> 0
A32: TCK-10031 | B32: 2024-10-06 08:03:01 | C32: 2024-10-07 01:42:32 | D32: P3 | E32: Network | F32: L2 Support | G32: Closed | H32: =Cleaned_Data!K32 -> 17.66 | I32: =IF(OR(G32="Resolved", G32="Closed"), IF(AND(H32<>"", H32<=J32), "YES", "NO"), "") -> YES | J32: =Cleaned_Data!J32 -> 24 | K32: =LEFT(B32, 7) -> 2024-10 | L32: =IF(I32="NO", H32-J32, 0) -> 0
A33: TCK-10032 | B33: 2024-08-15 04:55:47 | C33: 2024-08-16 00:41:49 | D33: P3 | E33: Billing | F33: Billing Operations | G33: Resolved | H33: =Cleaned_Data!K33 -> 19.77 | I33: =IF(OR(G33="Resolved", G33="Closed"), IF(AND(H33<>"", H33<=J33), "YES", "NO"), "") -> YES | J33: =Cleaned_Data!J33 -> 24 | K33: =LEFT(B33, 7) -> 2024-08 | L33: =IF(I33="NO", H33-J33, 0) -> 0
A34: TCK-10033 | B34: 2024-01-27 17:26:28 | C34: 2024-01-28 08:28:35 | D34: P3 | E34: Software | F34: L1 Support | G34: Resolved | H34: =Cleaned_Data!K34 -> 15.04 | I34: =IF(OR(G34="Resolved", G34="Closed"), IF(AND(H34<>"", H34<=J34), "YES", "NO"), "") -> YES | J34: =Cleaned_Data!J34 -> 24 | K34: =LEFT(B34, 7) -> 2024-01 | L34: =IF(I34="NO", H34-J34, 0) -> 0
A35: TCK-10034 | B35: 2024-08-15 00:13:12 | C35: 2024-08-15 08:02:18 | D35: P3 | E35: Access | F35: Infrastructure | G35: Closed | H35: =Cleaned_Data!K35 -> 7.82 | I35: =IF(OR(G35="Resolved", G35="Closed"), IF(AND(H35<>"", H35<=J35), "YES", "NO"), "") -> YES | J35: =Cleaned_Data!J35 -> 24 | K35: =LEFT(B35, 7) -> 2024-08 | L35: =IF(I35="NO", H35-J35, 0) -> 0
A36: TCK-10035 | B36: 2024-09-08 00:30:12 | C36: 2024-09-09 00:26:32 | D36: P2 | E36: Software | F36: L1 Support | G36: Resolved | H36: =Cleaned_Data!K36 -> 23.94 | I36: =IF(OR(G36="Resolved", G36="Closed"), IF(AND(H36<>"", H36<=J36), "YES", "NO"), "") -> NO | J36: =Cleaned_Data!J36 -> 8 | K36: =LEFT(B36, 7) -> 2024-09 | L36: =IF(I36="NO", H36-J36, 0) -> 15.94
A37: TCK-10036 | B37: 2024-03-24 02:44:31 | C37: 2024-03-24 08:21:35 | D37: P3 | E37: Network | F37: Infrastructure | G37: Closed | H37: =Cleaned_Data!K37 -> 5.62 | I37: =IF(OR(G37="Resolved", G37="Closed"), IF(AND(H37<>"", H37<=J37), "YES", "NO"), "") -> YES | J37: =Cleaned_Data!J37 -> 24 | K37: =LEFT(B37, 7) -> 2024-03 | L37: =IF(I37="NO", H37-J37, 0) -> 0
A38: TCK-10037 | B38: 2024-09-30 13:28:02 | C38: 2024-09-30 20:36:11 | D38: P2 | E38: Billing | F38: Billing Operations | G38: Closed | H38: =Cleaned_Data!K38 -> 7.14 | I38: =IF(OR(G38="Resolved", G38="Closed"), IF(AND(H38<>"", H38<=J38), "YES", "NO"), "") -> YES | J38: =Cleaned_Data!J38 -> 8 | K38: =LEFT(B38, 7) -> 2024-09 | L38: =IF(I38="NO", H38-J38, 0) -> 0
A39: TCK-10038 | B39: 2024-12-07 08:44:11 | C39: 2024-12-07 13:38:57 | D39: P2 | E39: Network | F39: L1 Support | G39: Closed | H39: =Cleaned_Data!K39 -> 4.91 | I39: =IF(OR(G39="Resolved", G39="Closed"), IF(AND(H39<>"", H39<=J39), "YES", "NO"), "") -> YES | J39: =Cleaned_Data!J39 -> 8 | K39: =LEFT(B39, 7) -> 2024-12 | L39: =IF(I39="NO", H39-J39, 0) -> 0
A40: TCK-10039 | B40: 2024-03-20 09:39:52 | C40: 2024-03-21 13:14:30 | D40: P3 | E40: Access | F40: Billing Operations | G40: Resolved | H40: =Cleaned_Data!K40 -> 27.58 | I40: =IF(OR(G40="Resolved", G40="Closed"), IF(AND(H40<>"", H40<=J40), "YES", "NO"), "") -> NO | J40: =Cleaned_Data!J40 -> 24 | K40: =LEFT(B40, 7) -> 2024-03 | L40: =IF(I40="NO", H40-J40, 0) -> 3.58
A41: TCK-10040 | B41: 2024-11-18 10:05:04 | D41: P2 | E41: Network | F41: L2 Support | G41: Escalated | H41: =Cleaned_Data!K41 -> 0 | I41: =IF(OR(G41="Resolved", G41="Closed"), IF(AND(H41<>"", H41<=J41), "YES", "NO"), "") | J41: =Cleaned_Data!J41 -> 8 | K41: =LEFT(B41, 7) -> 2024-11 | L41: =IF(I41="NO", H41-J41, 0) -> 0
A42: TCK-10041 | B42: 2024-03-04 02:03:11 | C42: 2024-03-04 22:28:06 | D42: P3 | E42: Hardware | F42: Application Support | G42: Resolved | H42: =Cleaned_Data!K42 -> 20.42 | I42: =IF(OR(G42="Resolved", G42="Closed"), IF(AND(H42<>"", H42<=J42), "YES", "NO"), "") -> YES | J42: =Cleaned_Data!J42 -> 24 | K42: =LEFT(B42, 7) -> 2024-03 | L42: =IF(I42="NO", H42-J42, 0) -> 0
A43: TCK-10042 | B43: 2024-07-31 05:16:12 | C43: 2024-07-31 06:54:35 | D43: P1 | E43: Software | F43: Billing Operations | G43: Resolved | H43: =Cleaned_Data!K43 -> 1.64 | I43: =IF(OR(G43="Resolved", G43="Closed"), IF(AND(H43<>"", H43<=J43), "YES", "NO"), "") -> YES | J43: =Cleaned_Data!J43 -> 4 | K43: =LEFT(B43, 7) -> 2024-07 | L43: =IF(I43="NO", H43-J43, 0) -> 0
A44: TCK-10043 | B44: 2024-11-30 14:19:46 | C44: 2024-11-30 17:44:07 | D44: P1 | E44: Software | F44: L2 Support | G44: Resolved | H44: =Cleaned_Data!K44 -> 3.41 | I44: =IF(OR(G44="Resolved", G44="Closed"), IF(AND(H44<>"", H44<=J44), "YES", "NO"), "") -> YES | J44: =Cleaned_Data!J44 -> 4 | K44: =LEFT(B44, 7) -> 2024-11 | L44: =IF(I44="NO", H44-J44, 0) -> 0
A45: TCK-10044 | B45: 2024-08-29 08:59:04 | D45: P3 | E45: Billing | F45: L2 Support | G45: Escalated | H45: =Cleaned_Data!K45 -> 0 | I45: =IF(OR(G45="Resolved", G45="Closed"), IF(AND(H45<>"", H45<=J45), "YES", "NO"), "") | J45: =Cleaned_Data!J45 -> 24 | K45: =LEFT(B45, 7) -> 2024-08 | L45: =IF(I45="NO", H45-J45, 0) -> 0
A46: TCK-10045 | B46: 2024-11-11 04:56:24 | D46: P2 | E46: Software | F46: L2 Support | G46: Open | H46: =Cleaned_Data!K46 -> 0 | I46: =IF(OR(G46="Resolved", G46="Closed"), IF(AND(H46<>"", H46<=J46), "YES", "NO"), "") | J46: =Cleaned_Data!J46 -> 8 | K46: =LEFT(B46, 7) -> 2024-11 | L46: =IF(I46="NO", H46-J46, 0) -> 0
A47: TCK-10046 | B47: 2024-10-31 04:22:14 | C47: 2024-11-01 00:46:41 | D47: P4 | E47: Access | F47: L2 Support | G47: Resolved | H47: =Cleaned_Data!K47 -> 20.41 | I47: =IF(OR(G47="Resolved", G47="Closed"), IF(AND(H47<>"", H47<=J47), "YES", "NO"), "") -> YES | J47: =Cleaned_Data!J47 -> 48 | K47: =LEFT(B47, 7) -> 2024-10 | L47: =IF(I47="NO", H47-J47, 0) -> 0
A48: TCK-10047 | B48: 2024-07-02 03:08:56 | C48: 2024-07-02 05:29:47 | D48: P2 | E48: Access | F48: Application Support | G48: Resolved | H48: =Cleaned_Data!K48 -> 2.35 | I48: =IF(OR(G48="Resolved", G48="Closed"), IF(AND(H48<>"", H48<=J48), "YES", "NO"), "") -> YES | J48: =Cleaned_Data!J48 -> 8 | K48: =LEFT(B48, 7) -> 2024-07 | L48: =IF(I48="NO", H48-J48, 0) -> 0
A49: TCK-10048 | B49: 2024-03-16 08:06:00 | C49: 2024-03-17 00:21:43 | D49: P3 | E49: Software | F49: L1 Support | G49: Resolved | H49: =Cleaned_Data!K49 -> 16.26 | I49: =IF(OR(G49="Resolved", G49="Closed"), IF(AND(H49<>"", H49<=J49), "YES", "NO"), "") -> YES | J49: =Cleaned_Data!J49 -> 24 | K49: =LEFT(B49, 7) -> 2024-03 | L49: =IF(I49="NO", H49-J49, 0) -> 0
A50: TCK-10049 | B50: 2024-05-08 22:32:25 | C50: 2024-05-11 04:31:16 | D50: P4 | E50: Network | F50: Infrastructure | G50: Closed | H50: =Cleaned_Data!K50 -> 53.98 | I50: =IF(OR(G50="Resolved", G50="Closed"), IF(AND(H50<>"", H50<=J50), "YES", "NO"), "") -> NO | J50: =Cleaned_Data!J50 -> 48 | K50: =LEFT(B50, 7) -> 2024-05 | L50: =IF(I50="NO", H50-J50, 0) -> 5.98
A51: TCK-10050 | B51: 2024-05-14 14:02:14 | C51: 2024-05-16 00:07:58 | D51: P3 | E51: Software | F51: Billing Operations | G51: Resolved | H51: =Cleaned_Data!K51 -> 34.1 | I51: =IF(OR(G51="Resolved", G51="Closed"), IF(AND(H51<>"", H51<=J51), "YES", "NO"), "") -> NO | J51: =Cleaned_Data!J51 -> 24 | K51: =LEFT(B51, 7) -> 2024-05 | L51: =IF(I51="NO", H51-J51, 0) -> 10.1
A52: TCK-10051 | B52: 2024-06-18 16:21:02 | C52: 2024-06-18 19:01:50 | D52: P1 | E52: Billing | F52: Billing Operations | G52: Closed | H52: =Cleaned_Data!K52 -> 2.68 | I52: =IF(OR(G52="Resolved", G52="Closed"), IF(AND(H52<>"", H52<=J52), "YES", "NO"), "") -> YES | J52: =Cleaned_Data!J52 -> 4 | K52: =LEFT(B52, 7) -> 2024-06 | L52: =IF(I52="NO", H52-J52, 0) -> 0
A53: TCK-10052 | B53: 2024-01-28 12:12:11 | C53: 2024-01-30 05:43:29 | D53: P4 | E53: Billing | F53: Billing Operations | G53: Closed | H53: =Cleaned_Data!K53 -> 41.52 | I53: =IF(OR(G53="Resolved", G53="Closed"), IF(AND(H53<>"", H53<=J53), "YES", "NO"), "") -> YES | J53: =Cleaned_Data!J53 -> 48 | K53: =LEFT(B53, 7) -> 2024-01 | L53: =IF(I53="NO", H53-J53, 0) -> 0
A54: TCK-10053 | B54: 2024-09-16 07:53:32 | C54: 2024-09-17 05:28:32 | D54: P3 | E54: Software | F54: Infrastructure | G54: Resolved | H54: =Cleaned_Data!K54 -> 21.58 | I54: =IF(OR(G54="Resolved", G54="Closed"), IF(AND(H54<>"", H54<=J54), "YES", "NO"), "") -> YES | J54: =Cleaned_Data!J54 -> 24 | K54: =LEFT(B54, 7) -> 2024-09 | L54: =IF(I54="NO", H54-J54, 0) -> 0
A55: TCK-10054 | B55: 2024-12-16 22:45:27 | C55: 2024-12-17 00:59:12 | D55: P2 | E55: Hardware | F55: Application Support | G55: Closed | H55: =Cleaned_Data!K55 -> 2.23 | I55: =IF(OR(G55="Resolved", G55="Closed"), IF(AND(H55<>"", H55<=J55), "YES", "NO"), "") -> YES | J55: =Cleaned_Data!J55 -> 8 | K55: =LEFT(B55, 7) -> 2024-12 | L55: =IF(I55="NO", H55-J55, 0) -> 0
A56: TCK-10055 | B56: 2024-08-23 22:29:44 | C56: 2024-08-24 19:16:46 | D56: P3 | E56: Software | F56: Application Support | G56: Resolved | H56: =Cleaned_Data!K56 -> 20.78 | I56: =IF(OR(G56="Resolved", G56="Closed"), IF(AND(H56<>"", H56<=J56), "YES", "NO"), "") -> YES | J56: =Cleaned_Data!J56 -> 24 | K56: =LEFT(B56, 7) -> 2024-08 | L56: =IF(I56="NO", H56-J56, 0) -> 0
A57: TCK-10056 | B57: 2024-03-07 05:38:18 | C57: 2024-03-08 17:49:48 | D57: P3 | E57: Software | F57: Billing Operations | G57: Resolved | H57: =Cleaned_Data!K57 -> 36.19 | I57: =IF(OR(G57="Resolved", G57="Closed"), IF(AND(H57<>"", H57<=J57), "YES", "NO"), "") -> NO | J57: =Cleaned_Data!J57 -> 24 | K57: =LEFT(B57, 7) -> 2024-03 | L57: =IF(I57="NO", H57-J57, 0) -> 12.19
A58: TCK-10057 | B58: 2024-11-09 13:42:39 | C58: 2024-11-09 17:36:27 | D58: P2 | E58: Network | F58: L2 Support | G58: Closed | H58: =Cleaned_Data!K58 -> 3.9 | I58: =IF(OR(G58="Resolved", G58="Closed"), IF(AND(H58<>"", H58<=J58), "YES", "NO"), "") -> YES | J58: =Cleaned_Data!J58 -> 8 | K58: =LEFT(B58, 7) -> 2024-11 | L58: =IF(I58="NO", H58-J58, 0) -> 0
... A72: TCK-10071 | B72: 2024-04-06 08:50:50 | C72: 2024-04-06 13:28:55 | D72: P2 | E72: Network | F72: L2 Support | G72: Resolved | H72: =Cleaned_Data!K72 -> 4.63 | I72: =IF(OR(G72="Resolved", G72="Closed"), IF(AND(H72<>"", H72<=J72), "YES", "NO"), "") -> YES | J72: =Cleaned_Data!J72 -> 8 | K72: =LEFT(B72, 7) -> 2024-04 | L72: =IF(I72="NO", H72-J72, 0) -> 0
A73: TCK-10072 | B73: 2024-09-28 23:29:09 | D73: P2 | E73: Software | F73: Billing Operations | G73: Escalated | H73: =Cleaned_Data!K73 -> 0 | I73: =IF(OR(G73="Resolved", G73="Closed"), IF(AND(H73<>"", H73<=J73), "YES", "NO"), "") | J73: =Cleaned_Data!J73 -> 8 | K73: =LEFT(B73, 7) -> 2024-09 | L73: =IF(I73="NO", H73-J73, 0) -> 0
A74: TCK-10073 | B74: 2024-10-06 07:34:28 | C74: 2024-10-07 00:57:24 | D74: P2 | E74: Access | F74: Infrastructure | G74: Closed | H74: =Cleaned_Data!K74 -> 17.38 | I74: =IF(OR(G74="Resolved", G74="Closed"), IF(AND(H74<>"", H74<=J74), "YES", "NO"), "") -> NO | J74: =Cleaned_Data!J74 -> 8 | K74: =LEFT(B74, 7) -> 2024-10 | L74: =IF(I74="NO", H74-J74, 0) -> 9.38
A75: TCK-10074 | B75: 2024-05-26 02:06:51 | C75: 2024-05-26 06:35:34 | D75: P3 | E75: Access | F75: L1 Support | G75: Closed | H75: =Cleaned_Data!K75 -> 4.48 | I75: =IF(OR(G75="Resolved", G75="Closed"), IF(AND(H75<>"", H75<=J75), "YES", "NO"), "") -> YES | J75: =Cleaned_Data!J75 -> 24 | K75: =LEFT(B75, 7) -> 2024-05 | L75: =IF(I75="NO", H75-J75, 0) -> 0
A76: TCK-10075 | B76: 2024-11-26 13:18:26 | C76: 2024-11-26 23:16:00 | D76: P3 | E76: Access | F76: Billing Operations | G76: Resolved | H76: =Cleaned_Data!K76 -> 9.96 | I76: =IF(OR(G76="Resolved", G76="Closed"), IF(AND(H76<>"", H76<=J76), "YES", "NO"), "") -> YES | J76: =Cleaned_Data!J76 -> 24 | K76: =LEFT(B76, 7) -> 2024-11 | L76: =IF(I76="NO", H76-J76, 0) -> 0
A77: TCK-10076 | B77: 2024-05-12 20:30:18 | C77: 2024-05-12 23:56:10 | D77: P1 | E77: Software | F77: Application Support | G77: Resolved | H77: =Cleaned_Data!K77 -> 3.43 | I77: =IF(OR(G77="Resolved", G77="Closed"), IF(AND(H77<>"", H77<=J77), "YES", "NO"), "") -> YES | J77: =Cleaned_Data!J77 -> 4 | K77: =LEFT(B77, 7) -> 2024-05 | L77: =IF(I77="NO", H77-J77, 0) -> 0
A78: TCK-10077 | B78: 2024-02-29 17:58:51 | C78: 2024-03-01 06:14:39 | D78: P3 | E78: Access | F78: Infrastructure | G78: Closed | H78: =Cleaned_Data!K78 -> 12.26 | I78: =IF(OR(G78="Resolved", G78="Closed"), IF(AND(H78<>"", H78<=J78), "YES", "NO"), "") -> YES | J78: =Cleaned_Data!J78 -> 24 | K78: =LEFT(B78, 7) -> 2024-02 | L78: =IF(I78="NO", H78-J78, 0) -> 0
A79: TCK-10078 | B79: 2024-10-11 05:39:29 | C79: 2024-10-11 23:22:03 | D79: P3 | E79: Software | F79: L2 Support | G79: Resolved | H79: =Cleaned_Data!K79 -> 17.71 | I79: =IF(OR(G79="Resolved", G79="Closed"), IF(AND(H79<>"", H79<=J79), "YES", "NO"), "") -> YES | J79: =Cleaned_Data!J79 -> 24 | K79: =LEFT(B79, 7) -> 2024-10 | L79: =IF(I79="NO", H79-J79, 0) -> 0
A80: TCK-10079 | B80: 2024-09-16 19:58:04 | C80: 2024-09-17 03:38:17 | D80: P3 | E80: Network | F80: Infrastructure | G80: Resolved | H80: =Cleaned_Data!K80 -> 7.67 | I80: =IF(OR(G80="Resolved", G80="Closed"), IF(AND(H80<>"", H80<=J80), "YES", "NO"), "") -> YES | J80: =Cleaned_Data!J80 -> 24 | K80: =LEFT(B80, 7) -> 2024-09 | L80: =IF(I80="NO", H80-J80, 0) -> 0
A81: TCK-10080 | B81: 2024-08-19 20:34:02 | D81: P3 | E81: Access | F81: L1 Support | G81: Open | H81: =Cleaned_Data!K81 -> 0 | I81: =IF(OR(G81="Resolved", G81="Closed"), IF(AND(H81<>"", H81<=J81), "YES", "NO"), "") | J81: =Cleaned_Data!J81 -> 24 | K81: =LEFT(B81, 7) -> 2024-08 | L81: =IF(I81="NO", H81-J81, 0) -> 0
A82: TCK-10081 | B82: 2024-02-03 13:58:14 | C82: 2024-02-03 18:06:29 | D82: P2 | E82: Software | F82: Billing Operations | G82: Closed | H82: =Cleaned_Data!K82 -> 4.14 | I82: =IF(OR(G82="Resolved", G82="Closed"), IF(AND(H82<>"", H82<=J82), "YES", "NO"), "") -> YES | J82: =Cleaned_Data!J82 -> 8 | K82: =LEFT(B82, 7) -> 2024-02 | L82: =IF(I82="NO", H82-J82, 0) -> 0
A83: TCK-10082 | B83: 2024-02-06 11:19:12 | C83: 2024-02-06 15:53:01 | D83: P2 | E83: Software | F83: L2 Support | G83: Closed | H83: =Cleaned_Data!K83 -> 4.56 | I83: =IF(OR(G83="Resolved", G83="Closed"), IF(AND(H83<>"", H83<=J83), "YES", "NO"), "") -> YES | J83: =Cleaned_Data!J83 -> 8 | K83: =LEFT(B83, 7) -> 2024-02 | L83: =IF(I83="NO", H83-J83, 0) -> 0
A84: TCK-10083 | B84: 2024-10-17 00:37:19 | C84: 2024-10-17 17:44:10 | D84: P3 | E84: Software | F84: Application Support | G84: Resolved | H84: =Cleaned_Data!K84 -> 17.11 | I84: =IF(OR(G84="Resolved", G84="Closed"), IF(AND(H84<>"", H84<=J84), "YES", "NO"), "") -> YES | J84: =Cleaned_Data!J84 -> 24 | K84: =LEFT(B84, 7) -> 2024-10 | L84: =IF(I84="NO", H84-J84, 0) -> 0
A85: TCK-10084 | B85: 2024-10-15 20:09:12 | C85: 2024-10-16 13:20:05 | D85: P3 | E85: Access | F85: L2 Support | G85: Resolved | H85: =Cleaned_Data!K85 -> 17.18 | I85: =IF(OR(G85="Resolved", G85="Closed"), IF(AND(H85<>"", H85<=J85), "YES", "NO"), "") -> YES | J85: =Cleaned_Data!J85 -> 24 | K85: =LEFT(B85, 7) -> 2024-10 | L85: =IF(I85="NO", H85-J85, 0) -> 0
A86: TCK-10085 | B86: 2024-07-23 01:58:12 | C86: 2024-07-23 04:39:31 | D86: P3 | E86: Access | F86: L2 Support | G86: Resolved | H86: =Cleaned_Data!K86 -> 2.69 | I86: =IF(OR(G86="Resolved", G86="Closed"), IF(AND(H86<>"", H86<=J86), "YES", "NO"), "") -> YES | J86: =Cleaned_Data!J86 -> 24 | K86: =LEFT(B86, 7) -> 2024-07 | L86: =IF(I86="NO", H86-J86, 0) -> 0
A87: TCK-10086 | B87: 2024-04-16 20:46:00 | D87: P1 | E87: Network | F87: Infrastructure | G87: Open | H87: =Cleaned_Data!K87 -> 0 | I87: =IF(OR(G87="Resolved", G87="Closed"), IF(AND(H87<>"", H87<=J87), "YES", "NO"), "") | J87: =Cleaned_Data!J87 -> 4 | K87: =LEFT(B87, 7) -> 2024-04 | L87: =IF(I87="NO", H87-J87, 0) -> 0
A88: TCK-10087 | B88: 2024-09-05 01:22:33 | C88: 2024-09-05 20:04:35 | D88: P4 | E88: Software | F88: L1 Support | G88: Resolved | H88: =Cleaned_Data!K88 -> 18.7 | I88: =IF(OR(G88="Resolved", G88="Closed"), IF(AND(H88<>"", H88<=J88), "YES", "NO"), "") -> YES | J88: =Cleaned_Data!J88 -> 48 | K88: =LEFT(B88, 7) -> 2024-09 | L88: =IF(I88="NO", H88-J88, 0) -> 0
A89: TCK-10088 | B89: 2024-04-08 09:16:08 | C89: 2024-04-09 18:04:33 | D89: P4 | E89: Software | F89: L1 Support | G89: Resolved | H89: =Cleaned_Data!K89 -> 32.81 | I89: =IF(OR(G89="Resolved", G89="Closed"), IF(AND(H89<>"", H89<=J89), "YES", "NO"), "") -> YES | J89: =Cleaned_Data!J89 -> 48 | K89: =LEFT(B89, 7) -> 2024-04 | L89: =IF(I89="NO", H89-J89, 0) -> 0
A90: TCK-10089 | B90: 2024-11-11 08:23:31 | C90: 2024-11-11 22:57:10 | D90: P3 | E90: Software | F90: L2 Support | G90: Closed | H90: =Cleaned_Data!K90 -> 14.56 | I90: =IF(OR(G90="Resolved", G90="Closed"), IF(AND(H90<>"", H90<=J90), "YES", "NO"), "") -> YES | J90: =Cleaned_Data!J90 -> 24 | K90: =LEFT(B90, 7) -> 2024-11 | L90: =IF(I90="NO", H90-J90, 0) -> 0
A91: TCK-10090 | B91: 2024-10-28 13:59:16 | C91: 2024-10-30 05:28:46 | D91: P3 | E91: Software | F91: Application Support | G91: Closed | H91: =Cleaned_Data!K91 -> 39.49 | I91: =IF(OR(G91="Resolved", G91="Closed"), IF(AND(H91<>"", H91<=J91), "YES", "NO"), "") -> NO | J91: =Cleaned_Data!J91 -> 24 | K91: =LEFT(B91, 7) -> 2024-10 | L91: =IF(I91="NO", H91-J91, 0) -> 15.49
A92: TCK-10091 | B92: 2024-08-25 02:10:18 | C92: 2024-08-25 13:22:46 | D92: P4 | E92: Hardware | F92: L2 Support | G92: Resolved | H92: =Cleaned_Data!K92 -> 11.21 | I92: =IF(OR(G92="Resolved", G92="Closed"), IF(AND(H92<>"", H92<=J92), "YES", "NO"), "") -> YES | J92: =Cleaned_Data!J92 -> 48 | K92: =LEFT(B92, 7) -> 2024-08 | L92: =IF(I92="NO", H92-J92, 0) -> 0
A93: TCK-10092 | B93: 2024-01-30 11:39:19 | C93: 2024-01-30 17:15:45 | D93: P2 | E93: Software | F93: Billing Operations | G93: Resolved | H93: =Cleaned_Data!K93 -> 5.61 | I93: =IF(OR(G93="Resolved", G93="Closed"), IF(AND(H93<>"", H93<=J93), "YES", "NO"), "") -> YES | J93: =Cleaned_Data!J93 -> 8 | K93: =LEFT(B93, 7) -> 2024-01 | L93: =IF(I93="NO", H93-J93, 0) -> 0
A94: TCK-10093 | B94: 2024-06-25 15:52:43 | C94: 2024-06-25 16:57:04 | D94: P1 | E94: Software | F94: Infrastructure | G94: Closed | H94: =Cleaned_Data!K94 -> 1.07 | I94: =IF(OR(G94="Resolved", G94="Closed"), IF(AND(H94<>"", H94<=J94), "YES", "NO"), "") -> YES | J94: =Cleaned_Data!J94 -> 4 | K94: =LEFT(B94, 7) -> 2024-06 | L94: =IF(I94="NO", H94-J94, 0) -> 0
A95: TCK-10094 | B95: 2024-03-28 15:22:33 | C95: 2024-03-29 05:54:53 | D95: P3 | E95: Billing | F95: L2 Support | G95: Resolved | H95: =Cleaned_Data!K95 -> 14.54 | I95: =IF(OR(G95="Resolved", G95="Closed"), IF(AND(H95<>"", H95<=J95), "YES", "NO"), "") -> YES | J95: =Cleaned_Data!J95 -> 24 | K95: =LEFT(B95, 7) -> 2024-03 | L95: =IF(I95="NO", H95-J95, 0) -> 0
A96: TCK-10095 | B96: 2024-12-24 02:08:12 | C96: 2024-12-24 06:36:30 | D96: P2 | E96: Network | F96: Infrastructure | G96: Resolved | H96: =Cleaned_Data!K96 -> 4.47 | I96: =IF(OR(G96="Resolved", G96="Closed"), IF(AND(H96<>"", H96<=J96), "YES", "NO"), "") -> YES | J96: =Cleaned_Data!J96 -> 8 | K96: =LEFT(B96, 7) -> 2024-12 | L96: =IF(I96="NO", H96-J96, 0) -> 0
A97: TCK-10096 | B97: 2024-08-20 14:06:20 | C97: 2024-08-20 17:46:33 | D97: P1 | E97: Software | F97: Infrastructure | G97: Resolved | H97: =Cleaned_Data!K97 -> 3.67 | I97: =IF(OR(G97="Resolved", G97="Closed"), IF(AND(H97<>"", H97<=J97), "YES", "NO"), "") -> YES | J97: =Cleaned_Data!J97 -> 4 | K97: =LEFT(B97, 7) -> 2024-08 | L97: =IF(I97="NO", H97-J97, 0) -> 0
A98: TCK-10097 | B98: 2024-08-11 17:14:39 | C98: 2024-08-12 05:14:32 | D98: P3 | E98: Network | F98: Infrastructure | G98: Resolved | H98: =Cleaned_Data!K98 -> 12 | I98: =IF(OR(G98="Resolved", G98="Closed"), IF(AND(H98<>"", H98<=J98), "YES", "NO"), "") -> YES | J98: =Cleaned_Data!J98 -> 24 | K98: =LEFT(B98, 7) -> 2024-08 | L98: =IF(I98="NO", H98-J98, 0) -> 0
A99: TCK-10098 | B99: 2024-12-22 02:25:02 | C99: 2024-12-22 18:08:57 | D99: P2 | E99: Billing | F99: Application Support | G99: Closed | H99: =Cleaned_Data!K99 -> 15.73 | I99: =IF(OR(G99="Resolved", G99="Closed"), IF(AND(H99<>"", H99<=J99), "YES", "NO"), "") -> NO | J99: =Cleaned_Data!J99 -> 8 | K99: =LEFT(B99, 7) -> 2024-12 | L99: =IF(I99="NO", H99-J99, 0) -> 7.73
... A104: TCK-10103 | B104: 2024-08-24 19:05:42 | C104: 2024-08-25 02:04:44 | D104: P3 | E104: Access | F104: Infrastructure | G104: Resolved | H104: =Cleaned_Data!K104 -> 6.98 | I104: =IF(OR(G104="Resolved", G104="Closed"), IF(AND(H104<>"", H104<=J104), "YES", "NO"), "") -> YES | J104: =Cleaned_Data!J104 -> 24 | K104: =LEFT(B104, 7) -> 2024-08 | L104: =IF(I104="NO", H104-J104, 0) -> 0
A105: TCK-10104 | B105: 2024-02-14 09:32:03 | D105: P3 | E105: Network | F105: L2 Support | G105: Open | H105: =Cleaned_Data!K105 -> 0 | I105: =IF(OR(G105="Resolved", G105="Closed"), IF(AND(H105<>"", H105<=J105), "YES", "NO"), "") | J105: =Cleaned_Data!J105 -> 24 | K105: =LEFT(B105, 7) -> 2024-02 | L105: =IF(I105="NO", H105-J105, 0) -> 0
A106: TCK-10105 | B106: 2024-04-23 16:20:48 | C106: 2024-04-24 02:34:18 | D106: P3 | E106: Software | F106: Application Support | G106: Resolved | H106: =Cleaned_Data!K106 -> 10.22 | I106: =IF(OR(G106="Resolved", G106="Closed"), IF(AND(H106<>"", H106<=J106), "YES", "NO"), "") -> YES | J106: =Cleaned_Data!J106 -> 24 | K106: =LEFT(B106, 7) -> 2024-04 | L106: =IF(I106="NO", H106-J106, 0) -> 0
A107: TCK-10106 | B107: 2024-07-16 17:08:54 | C107: 2024-07-18 10:15:16 | D107: P3 | E107: Network | F107: L1 Support | G107: Closed | H107: =Cleaned_Data!K107 -> 41.11 | I107: =IF(OR(G107="Resolved", G107="Closed"), IF(AND(H107<>"", H107<=J107), "YES", "NO"), "") -> NO | J107: =Cleaned_Data!J107 -> 24 | K107: =LEFT(B107, 7) -> 2024-07 | L107: =IF(I107="NO", H107-J107, 0) -> 17.11
A108: TCK-10107 | B108: 2024-04-14 02:13:46 | C108: 2024-04-15 14:13:46 | D108: P4 | E108: Access | F108: Infrastructure | G108: Closed | H108: =Cleaned_Data!K108 -> 36 | I108: =IF(OR(G108="Resolved", G108="Closed"), IF(AND(H108<>"", H108<=J108), "YES", "NO"), "") -> YES | J108: =Cleaned_Data!J108 -> 48 | K108: =LEFT(B108, 7) -> 2024-04 | L108: =IF(I108="NO", H108-J108, 0) -> 0
A109: TCK-10108 | B109: 2024-07-07 10:23:20 | C109: 2024-07-07 12:28:18 | D109: P2 | E109: Hardware | F109: Billing Operations | G109: Resolved | H109: =Cleaned_Data!K109 -> 2.08 | I109: =IF(OR(G109="Resolved", G109="Closed"), IF(AND(H109<>"", H109<=J109), "YES", "NO"), "") -> YES | J109: =Cleaned_Data!J109 -> 8 | K109: =LEFT(B109, 7) -> 2024-07 | L109: =IF(I109="NO", H109-J109, 0) -> 0
A110: TCK-10109 | B110: 2024-08-10 09:32:25 | C110: 2024-08-11 06:34:27 | D110: P3 | E110: Access | F110: Application Support | G110: Resolved | H110: =Cleaned_Data!K110 -> 21.03 | I110: =IF(OR(G110="Resolved", G110="Closed"), IF(AND(H110<>"", H110<=J110), "YES", "NO"), "") -> YES | J110: =Cleaned_Data!J110 -> 24 | K110: =LEFT(B110, 7) -> 2024-08 | L110: =IF(I110="NO", H110-J110, 0) -> 0
A111: TCK-10110 | B111: 2024-09-15 02:01:41 | D111: P3 | E111: Hardware | F111: L2 Support | G111: Escalated | H111: =Cleaned_Data!K111 -> 0 | I111: =IF(OR(G111="Resolved", G111="Closed"), IF(AND(H111<>"", H111<=J111), "YES", "NO"), "") | J111: =Cleaned_Data!J111 -> 24 | K111: =LEFT(B111, 7) -> 2024-09 | L111: =IF(I111="NO", H111-J111, 0) -> 0
A112: TCK-10111 | B112: 2024-02-19 08:42:01 | C112: 2024-02-20 10:37:06 | D112: P3 | E112: Hardware | F112: L1 Support | G112: Resolved | H112: =Cleaned_Data!K112 -> 25.92 | I112: =IF(OR(G112="Resolved", G112="Closed"), IF(AND(H112<>"", H112<=J112), "YES", "NO"), "") -> NO | J112: =Cleaned_Data!J112 -> 24 | K112: =LEFT(B112, 7) -> 2024-02 | L112: =IF(I112="NO", H112-J112, 0) -> 1.92
A113: TCK-10112 | B113: 2024-12-04 13:41:01 | C113: 2024-12-05 05:20:25 | D113: P3 | E113: Network | F113: Application Support | G113: Resolved | H113: =Cleaned_Data!K113 -> 15.66 | I113: =IF(OR(G113="Resolved", G113="Closed"), IF(AND(H113<>"", H113<=J113), "YES", "NO"), "") -> YES | J113: =Cleaned_Data!J113 -> 24 | K113: =LEFT(B113, 7) -> 2024-12 | L113: =IF(I113="NO", H113-J113, 0) -> 0
A114: TCK-10113 | B114: 2024-11-27 08:23:49 | C114: 2024-11-28 04:35:36 | D114: P3 | E114: Software | F114: Infrastructure | G114: Closed | H114: =Cleaned_Data!K114 -> 20.2 | I114: =IF(OR(G114="Resolved", G114="Closed"), IF(AND(H114<>"", H114<=J114), "YES", "NO"), "") -> YES | J114: =Cleaned_Data!J114 -> 24 | K114: =LEFT(B114, 7) -> 2024-11 | L114: =IF(I114="NO", H114-J114, 0) -> 0
A115: TCK-10114 | B115: 2024-01-27 21:43:39 | C115: 2024-01-27 23:11:48 | D115: P2 | E115: Hardware | F115: Infrastructure | G115: Closed | H115: =Cleaned_Data!K115 -> 1.47 | I115: =IF(OR(G115="Resolved", G115="Closed"), IF(AND(H115<>"", H115<=J115), "YES", "NO"), "") -> YES | J115: =Cleaned_Data!J115 -> 8 | K115: =LEFT(B115, 7) -> 2024-01 | L115: =IF(I115="NO", H115-J115, 0) -> 0
A116: TCK-10115 | B116: 2024-12-05 05:01:40 | C116: 2024-12-05 07:49:21 | D116: P2 | E116: Network | F116: Infrastructure | G116: Resolved | H116: =Cleaned_Data!K116 -> 2.79 | I116: =IF(OR(G116="Resolved", G116="Closed"), IF(AND(H116<>"", H116<=J116), "YES", "NO"), "") -> YES | J116: =Cleaned_Data!J116 -> 8 | K116: =LEFT(B116, 7) -> 2024-12 | L116: =IF(I116="NO", H116-J116, 0) -> 0
A117: TCK-10116 | B117: 2024-02-26 20:48:31 | C117: 2024-02-27 00:12:35 | D117: P2 | E117: Software | F117: L2 Support | G117: Resolved | H117: =Cleaned_Data!K117 -> 3.4 | I117: =IF(OR(G117="Resolved", G117="Closed"), IF(AND(H117<>"", H117<=J117), "YES", "NO"), "") -> YES | J117: =Cleaned_Data!J117 -> 8 | K117: =LEFT(B117, 7) -> 2024-02 | L117: =IF(I117="NO", H117-J117, 0) -> 0
...

Sheet KPI_Summary
B2: Service Desk SLA & KPI Summary
B3: Automated Operational Metrics (Full Year 2024)
B5: Total Ticket Volume | E5: Overall SLA Compliance % | H5: Avg Resolution Time (Hrs)
B6: =COUNTA(Cleaned_Data!A2:A5001) -> 5000 | E6: =COUNTIFS(Calc!I2:I5001, "YES") / (COUNTIFS(Cleaned_Data!H2:H5001, "Resolved") + COUNTIFS(Cleaned_Data!H2:H5001, "Closed")) -> 0.81771068 | H6: =AVERAGE(Calc!H2:H5001) -> 18.06401
B9: Open Backlog Count | E9: Avg Customer CSAT (1-5) | H9: Total Breached Tickets
B10: =COUNTIFS(Cleaned_Data!H2:H5001, "Open") + COUNTIFS(Cleaned_Data!H2:H5001, "Escalated") -> 562 | E10: =AVERAGE(Cleaned_Data!I2:I5001) -> 4.0018026 | H10: =COUNTIFS(Calc!I2:I5001, "NO") -> 809

Sheet Monthly_Trend
B2: Monthly SLA Compliance & Ticket Volume Trend
B4: Month | C4: Total Intake Volume | D4: Resolved Tickets | E4: Tickets Met SLA | F4: SLA Compliance % | G4: Avg Resolution Hrs
B5: 2024-01 | C5: =COUNTIFS(Calc!K$2:K$5001, B5) -> 408 | D5: =COUNTIFS(Calc!K$2:K$5001, B5, Cleaned_Data!H$2:H$5001, "Resolved") + COUNTIFS(Calc!K$2:K$5001, B5, Cleaned_Data!H$2:H$5001, "Closed") -> 362 | E5: =COUNTIFS(Calc!K$2:K$5001, B5, Calc!I$2:I$5001, "YES") -> 306 | F5: =IFERROR(E5/D5, 0) -> 0.84530387 | G5: =IFERROR(AVERAGEIFS(Calc!H$2:H$5001, Calc!K$2:K$5001, B5), 0) -> 15.556176
B6: 2024-02 | C6: =COUNTIFS(Calc!K$2:K$5001, B6) -> 419 | D6: =COUNTIFS(Calc!K$2:K$5001, B6, Cleaned_Data!H$2:H$5001, "Resolved") + COUNTIFS(Calc!K$2:K$5001, B6, Cleaned_Data!H$2:H$5001, "Closed") -> 382 | E6: =COUNTIFS(Calc!K$2:K$5001, B6, Calc!I$2:I$5001, "YES") -> 303 | F6: =IFERROR(E6/D6, 0) -> 0.79319372 | G6: =IFERROR(AVERAGEIFS(Calc!H$2:H$5001, Calc!K$2:K$5001, B6), 0) -> 16.649284
B7: 2024-03 | C7: =COUNTIFS(Calc!K$2:K$5001, B7) -> 420 | D7: =COUNTIFS(Calc!K$2:K$5001, B7, Cleaned_Data!H$2:H$5001, "Resolved") + COUNTIFS(Calc!K$2:K$5001, B7, Cleaned_Data!H$2:H$5001, "Closed") -> 376 | E7: =COUNTIFS(Calc!K$2:K$5001, B7, Calc!I$2:I$5001, "YES") -> 303 | F7: =IFERROR(E7/D7, 0) -> 0.80585106 | G7: =IFERROR(AVERAGEIFS(Calc!H$2:H$5001, Calc!K$2:K$5001, B7), 0) -> 21.683214
B8: 2024-04 | C8: =COUNTIFS(Calc!K$2:K$5001, B8) -> 405 | D8: =COUNTIFS(Calc!K$2:K$5001, B8, Cleaned_Data!H$2:H$5001, "Resolved") + COUNTIFS(Calc!K$2:K$5001, B8, Cleaned_Data!H$2:H$5001, "Closed") -> 356 | E8: =COUNTIFS(Calc!K$2:K$5001, B8, Calc!I$2:I$5001, "YES") -> 303 | F8: =IFERROR(E8/D8, 0) -> 0.8511236 | G8: =IFERROR(AVERAGEIFS(Calc!H$2:H$5001, Calc!K$2:K$5001, B8), 0) -> 14.74837
B9: 2024-05 | C9: =COUNTIFS(Calc!K$2:K$5001, B9) -> 417 | D9: =COUNTIFS(Calc!K$2:K$5001, B9, Cleaned_Data!H$2:H$5001, "Resolved") + COUNTIFS(Calc!K$2:K$5001, B9, Cleaned_Data!H$2:H$5001, "Closed") -> 370 | E9: =COUNTIFS(Calc!K$2:K$5001, B9, Calc!I$2:I$5001, "YES") -> 302 | F9: =IFERROR(E9/D9, 0) -> 0.81621622 | G9: =IFERROR(AVERAGEIFS(Calc!H$2:H$5001, Calc!K$2:K$5001, B9), 0) -> 18.801894
B10: 2024-06 | C10: =COUNTIFS(Calc!K$2:K$5001, B10) -> 425 | D10: =COUNTIFS(Calc!K$2:K$5001, B10, Cleaned_Data!H$2:H$5001, "Resolved") + COUNTIFS(Calc!K$2:K$5001, B10, Cleaned_Data!H$2:H$5001, "Closed") -> 377 | E10: =COUNTIFS(Calc!K$2:K$5001, B10, Calc!I$2:I$5001, "YES") -> 311 | F10: =IFERROR(E10/D10, 0) -> 0.82493369 | G10: =IFERROR(AVERAGEIFS(Calc!H$2:H$5001, Calc!K$2:K$5001, B10), 0) -> 19.370094
B11: 2024-07 | C11: =COUNTIFS(Calc!K$2:K$5001, B11) -> 427 | D11: =COUNTIFS(Calc!K$2:K$5001, B11, Cleaned_Data!H$2:H$5001, "Resolved") + COUNTIFS(Calc!K$2:K$5001, B11, Cleaned_Data!H$2:H$5001, "Closed") -> 372 | E11: =COUNTIFS(Calc!K$2:K$5001, B11, Calc!I$2:I$5001, "YES") -> 303 | F11: =IFERROR(E11/D11, 0) -> 0.81451613 | G11: =IFERROR(AVERAGEIFS(Calc!H$2:H$5001, Calc!K$2:K$5001, B11), 0) -> 16.1774
B12: 2024-08 | C12: =COUNTIFS(Calc!K$2:K$5001, B12) -> 443 | D12: =COUNTIFS(Calc!K$2:K$5001, B12, Cleaned_Data!H$2:H$5001, "Resolved") + COUNTIFS(Calc!K$2:K$5001, B12, Cleaned_Data!H$2:H$5001, "Closed") -> 397 | E12: =COUNTIFS(Calc!K$2:K$5001, B12, Calc!I$2:I$5001, "YES") -> 345 | F12: =IFERROR(E12/D12, 0) -> 0.86901763 | G12: =IFERROR(AVERAGEIFS(Calc!H$2:H$5001, Calc!K$2:K$5001, B12), 0) -> 14.984424
B13: 2024-09 | C13: =COUNTIFS(Calc!K$2:K$5001, B13) -> 388 | D13: =COUNTIFS(Calc!K$2:K$5001, B13, Cleaned_Data!H$2:H$5001, "Resolved") + COUNTIFS(Calc!K$2:K$5001, B13, Cleaned_Data!H$2:H$5001, "Closed") -> 332 | E13: =COUNTIFS(Calc!K$2:K$5001, B13, Calc!I$2:I$5001, "YES") -> 275 | F13: =IFERROR(E13/D13, 0) -> 0.82831325 | G13: =IFERROR(AVERAGEIFS(Calc!H$2:H$5001, Calc!K$2:K$5001, B13), 0) -> 15.797835
B14: 2024-10 | C14: =COUNTIFS(Calc!K$2:K$5001, B14) -> 412 | D14: =COUNTIFS(Calc!K$2:K$5001, B14, Cleaned_Data!H$2:H$5001, "Resolved") + COUNTIFS(Calc!K$2:K$5001, B14, Cleaned_Data!H$2:H$5001, "Closed") -> 371 | E14: =COUNTIFS(Calc!K$2:K$5001, B14, Calc!I$2:I$5001, "YES") -> 292 | F14: =IFERROR(E14/D14, 0) -> 0.78706199 | G14: =IFERROR(AVERAGEIFS(Calc!H$2:H$5001, Calc!K$2:K$5001, B14), 0) -> 23.075291
B15: 2024-11 | C15: =COUNTIFS(Calc!K$2:K$5001, B15) -> 422 | D15: =COUNTIFS(Calc!K$2:K$5001, B15, Cleaned_Data!H$2:H$5001, "Resolved") + COUNTIFS(Calc!K$2:K$5001, B15, Cleaned_Data!H$2:H$5001, "Closed") -> 382 | E15: =COUNTIFS(Calc!K$2:K$5001, B15, Calc!I$2:I$5001, "YES") -> 305 | F15: =IFERROR(E15/D15, 0) -> 0.79842932 | G15: =IFERROR(AVERAGEIFS(Calc!H$2:H$5001, Calc!K$2:K$5001, B15), 0) -> 18.313294
B16: 2024-12 | C16: =COUNTIFS(Calc!K$2:K$5001, B16) -> 414 | D16: =COUNTIFS(Calc!K$2:K$5001, B16, Cleaned_Data!H$2:H$5001, "Resolved") + COUNTIFS(Calc!K$2:K$5001, B16, Cleaned_Data!H$2:H$5001, "Closed") -> 361 | E16: =COUNTIFS(Calc!K$2:K$5001, B16, Calc!I$2:I$5001, "YES") -> 281 | F16: =IFERROR(E16/D16, 0) -> 0.77839335 | G16: =IFERROR(AVERAGEIFS(Calc!H$2:H$5001, Calc!K$2:K$5001, B16), 0) -> 21.579034

Sheet Priority_Category
B2: SLA Performance by Priority & Category
B4: Performance by Priority Level
B5: Priority | C5: SLA Target (Hrs) | D5: Total Tickets | E5: Resolved Tickets | F5: SLA Met | G5: SLA Compliance % | H5: Avg Res Hrs
B6: P1 | C6: 4 | D6: =COUNTIFS(Cleaned_Data!D$2:D$5001, B6) -> 482 | E6: =COUNTIFS(Cleaned_Data!D$2:D$5001, B6, Cleaned_Data!H$2:H$5001, "Resolved") + COUNTIFS(Cleaned_Data!D$2:D$5001, B6, Cleaned_Data!H$2:H$5001, "Closed") -> 433 | F6: =COUNTIFS(Cleaned_Data!D$2:D$5001, B6, Calc!I$2:I$5001, "YES") -> 339 | G6: =IFERROR(F6/E6, 0) -> 0.78290993 | H6: =IFERROR(AVERAGEIFS(Calc!H$2:H$5001, Cleaned_Data!D$2:D$5001, B6), 0) -> 4.5240456
B7: P2 | C7: 8 | D7: =COUNTIFS(Cleaned_Data!D$2:D$5001, B7) -> 1271 | E7: =COUNTIFS(Cleaned_Data!D$2:D$5001, B7, Cleaned_Data!H$2:H$5001, "Resolved") + COUNTIFS(Cleaned_Data!D$2:D$5001, B7, Cleaned_Data!H$2:H$5001, "Closed") -> 1130 | F7: =COUNTIFS(Cleaned_Data!D$2:D$5001, B7, Calc!I$2:I$5001, "YES") -> 936 | G7: =IFERROR(F7/E7, 0) -> 0.82831858 | H7: =IFERROR(AVERAGEIFS(Calc!H$2:H$5001, Cleaned_Data!D$2:D$5001, B7), 0) -> 9.3804406
B8: P3 | C8: 24 | D8: =COUNTIFS(Cleaned_Data!D$2:D$5001, B8) -> 2276 | E8: =COUNTIFS(Cleaned_Data!D$2:D$5001, B8, Cleaned_Data!H$2:H$5001, "Resolved") + COUNTIFS(Cleaned_Data!D$2:D$5001, B8, Cleaned_Data!H$2:H$5001, "Closed") -> 2025 | F8: =COUNTIFS(Cleaned_Data!D$2:D$5001, B8, Calc!I$2:I$5001, "YES") -> 1657 | G8: =IFERROR(F8/E8, 0) -> 0.8182716 | H8: =IFERROR(AVERAGEIFS(Calc!H$2:H$5001, Cleaned_Data!D$2:D$5001, B8), 0) -> 17.591586
B9: P4 | C9: 48 | D9: =COUNTIFS(Cleaned_Data!D$2:D$5001, B9) -> 971 | E9: =COUNTIFS(Cleaned_Data!D$2:D$5001, B9, Cleaned_Data!H$2:H$5001, "Resolved") + COUNTIFS(Cleaned_Data!D$2:D$5001, B9, Cleaned_Data!H$2:H$5001, "Closed") -> 850 | F9: =COUNTIFS(Cleaned_Data!D$2:D$5001, B9, Calc!I$2:I$5001, "YES") -> 697 | G9: =IFERROR(F9/E9, 0) -> 0.82 | H9: =IFERROR(AVERAGEIFS(Calc!H$2:H$5001, Cleaned_Data!D$2:D$5001, B9), 0) -> 37.25898
B12: Performance by Service Category
B13: Category | C13: Total Tickets | D13: Resolved Tickets | E13: SLA Met | F13: SLA Compliance % | G13: Avg Res Hrs
B14: Network | C14: =COUNTIFS(Cleaned_Data!E$2:E$5001, B14) -> 946 | D14: =COUNTIFS(Cleaned_Data!E$2:E$5001, B14, Cleaned_Data!H$2:H$5001, "Resolved") + COUNTIFS(Cleaned_Data!E$2:E$5001, B14, Cleaned_Data!H$2:H$5001, "Closed") -> 836 | E14: =COUNTIFS(Cleaned_Data!E$2:E$5001, B14, Calc!I$2:I$5001, "YES") -> 679 | F14: =IFERROR(E14/D14, 0) -> 0.81220096 | G14: =IFERROR(AVERAGEIFS(Calc!H$2:H$5001, Cleaned_Data!E$2:E$5001, B14), 0) -> 18.812146
B15: Software | C15: =COUNTIFS(Cleaned_Data!E$2:E$5001, B15) -> 1732 | D15: =COUNTIFS(Cleaned_Data!E$2:E$5001, B15, Cleaned_Data!H$2:H$5001, "Resolved") + COUNTIFS(Cleaned_Data!E$2:E$5001, B15, Cleaned_Data!H$2:H$5001, "Closed") -> 1531 | E15: =COUNTIFS(Cleaned_Data!E$2:E$5001, B15, Calc!I$2:I$5001, "YES") -> 1241 | F15: =IFERROR(E15/D15, 0) -> 0.81058132 | G15: =IFERROR(AVERAGEIFS(Calc!H$2:H$5001, Cleaned_Data!E$2:E$5001, B15), 0) -> 18.147956
B16: Hardware | C16: =COUNTIFS(Cleaned_Data!E$2:E$5001, B16) -> 760 | D16: =COUNTIFS(Cleaned_Data!E$2:E$5001, B16, Cleaned_Data!H$2:H$5001, "Resolved") + COUNTIFS(Cleaned_Data!E$2:E$5001, B16, Cleaned_Data!H$2:H$5001, "Closed") -> 678 | E16: =COUNTIFS(Cleaned_Data!E$2:E$5001, B16, Calc!I$2:I$5001, "YES") -> 555 | F16: =IFERROR(E16/D16, 0) -> 0.81858407 | G16: =IFERROR(AVERAGEIFS(Calc!H$2:H$5001, Cleaned_Data!E$2:E$5001, B16), 0) -> 18.596592
B17: Access | C17: =COUNTIFS(Cleaned_Data!E$2:E$5001, B17) -> 1027 | D17: =COUNTIFS(Cleaned_Data!E$2:E$5001, B17, Cleaned_Data!H$2:H$5001, "Resolved") + COUNTIFS(Cleaned_Data!E$2:E$5001, B17, Cleaned_Data!H$2:H$5001, "Closed") -> 915 | E17: =COUNTIFS(Cleaned_Data!E$2:E$5001, B17, Calc!I$2:I$5001, "YES") -> 758 | F17: =IFERROR(E17/D17, 0) -> 0.8284153 | G17: =IFERROR(AVERAGEIFS(Calc!H$2:H$5001, Cleaned_Data!E$2:E$5001, B17), 0) -> 17.529094
B18: Billing | C18: =COUNTIFS(Cleaned_Data!E$2:E$5001, B18) -> 535 | D18: =COUNTIFS(Cleaned_Data!E$2:E$5001, B18, Cleaned_Data!H$2:H$5001, "Resolved") + COUNTIFS(Cleaned_Data!E$2:E$5001, B18, Cleaned_Data!H$2:H$5001, "Closed") -> 478 | E18: =COUNTIFS(Cleaned_Data!E$2:E$5001, B18, Calc!I$2:I$5001, "YES") -> 396 | F18: =IFERROR(E18/D18, 0) -> 0.82845188 | G18: =IFERROR(AVERAGEIFS(Calc!H$2:H$5001, Cleaned_Data!E$2:E$5001, B18), 0) -> 16.739645

Sheet Dashboard
B2: EXECUTIVE SERVICE DESK DASHBOARD
B3: Daily / Weekly / Monthly Governance View
B5: Total Tickets | E5: SLA Compliance % | H5: Avg Res Time (Hrs) | K5: Open Backlog
B6: =KPI_Summary!B6 -> 5000 | E6: =KPI_Summary!E6 -> 0.81771068 | H6: =KPI_Summary!H6 -> 18.06401 | K6: =KPI_Summary!B10 -> 562

Sheet Notes
B2: Report Documentation & Metric Definitions
B4: Metric / Concept | C4: Definition & Governance Business Standard | D4: Excel Formula Used
B5: Total Tickets | C5: Count of all support ticket intake records created in 2024. | D5: =COUNTA(Cleaned_Data!A2:A5001) -> 5000
B6: Resolved Tickets | C6: Count of tickets with completed status ('Resolved' or 'Closed'). | D6: =COUNTIFS(Cleaned_Data!H2:H5001, "Resolved") + COUNTIFS(Cleaned_Data!H2:H5001, "Closed") -> 4438
B7: SLA Compliance % | C7: Standard Definition: Tickets Met SLA / Total Resolved Tickets. | D7: =COUNTIFS(Calc!I2:I5001, "YES") / (COUNTIFS(Cleaned_Data!H2:H5001, "Resolved") + COUNTIFS(Cleaned_Data!H2:H5001, "Closed")) -> 0.81771068
B8: Avg Resolution Time | C8: Mean turnaround time (decimal hours) from creation to resolution for resolved tickets. | D8: =AVERAGE(Calc!H2:H5001) -> 18.06401
B9: Open Backlog | C9: Count of active tickets currently in 'Open' or 'Escalated' status. | D9: =COUNTIFS(Cleaned_Data!H2:H5001, "Open") + COUNTIFS(Cleaned_Data!H2:H5001, "Escalated") -> 562
B10: Avg CSAT | C10: Average customer satisfaction rating on a 1-5 scale for resolved tickets. | D10: =AVERAGE(Cleaned_Data!I2:I5001) -> 4.0018026
B11: SLA Target (P1) | C11: Critical Incident Target = 4 Hours. | D11: Hardcoded SLA Target Rule
B12: SLA Target (P2) | C12: High Priority Target = 8 Hours. | D12: Hardcoded SLA Target Rule
B13: SLA Target (P3) | C13: Medium Priority Target = 24 Hours. | D13: Hardcoded SLA Target Rule
B14: SLA Target (P4) | C14: Low Priority Target = 48 Hours. | D14: Hardcoded SLA Target Rule
B15: Conditional Formatting | C15: Green: SLA >= 90% | Amber: 80% <= SLA < 90% | Red: SLA < 80% | D15: Excel CellIsRule Conditional Formatting on merged E6:G7
